id,name,link,author_id,author_name,publisher,translator,year,language,content_language,cover,paper_format,number_of_pages,weight,barcode,book_price_uzs,ebook_price_uzs,audio_price_uzs,has_discount,discount_pct,rating,rate_count,views_count,amount_in_stock,total_sold,is_available,is_available_ebook,is_available_audio,is_available_podcast,label,state,type,genres,tags,img_url,description
6a2682380a64814103f49d77,O'zbek: Eskirgan tarix va yangi o'zlik,ozbek-eskirgan-tarix-va-yangi-ozlik,,,,,2026,uz,latin,paper,A5,128,0,978-9910-5061-5-4,38000,0,0,False,,5,0,178,2723,0,True,False,False,False,simple,old,single,Ilmiy-ommabop,Ўзбек: Эскирган тарих ва янги ўзлик; O'zbek: Eskirgan tarix va yangi o'zlik; Eskirgan tarix va yangi o'zlik; O'zbek; Эскирган тарих ва янги ўзлик; Ўзбек; Baxtiyor Alimjonov; Бахтиёр Алимжонов,img/img-file-89625c039f45cd440951e5c0cdd9cbed.jpg,"Qo'lingizdagi kitob tarix fanini shunchaki o'tmish xotiralari to'plami sifatida emas, balki ""o'zbek""ning buguni va kelajagini shakllantiruvchi tirik jarayon sifatida tadqiq etadi. Muallif an'anaviy akademik qoliplardan voz kechib, ""Tarix nima?"", ""U siyosatga xizmat qiladimi?"" kabi fundamental savollardan tortib, tarixning jinnixona, qamoqxona va hatto kosmos bilan bog'liq kutilmagan jihatlarigacha tahlil etishga harakat qiladi. Asarda o'zbek davlatchiligi va jamiyati rivojlanishidagi eng og'riqli nuqtalar - tarixning dekoloniallashtirish, sovet davri tarixshunosligi asoratlari va elitalar tarixi masalalari o'rtaga tashlanadi. Shuningdek, tarixning geografiya, sotsiologiya va psixologiya bilan aloqalarini yangicha rakursdan yoritib, o'quvchini o'zlikni anglashga, ""eskirgan"" qarashlardan xalos bo'lib, milliy tarixga yangicha nigoh bilan boqishga undaydi. Ayollar va boylar tarixi, iqlim va tilning tarix bilan aloqalari kabi mavzular esa asarning qamrovini yanada kengaytiradi."
6a267ca70a64814103f49c3b,Ilon Mask,ilon-mask-4,,,,Saodat Abdurahmonova,2026,uz,latin,paper,A5,224,0,978-9910-708-21-3,35000,0,0,False,,5,0,68,1689,0,True,False,False,False,simple,old,single,Biografik va memuar,Ilon Mask; Илон Маск,img/img-file-2b0e244b558f3910649b747e6260df6a.jpg,"Mashhur shaxslar, ayniqsa, dunyoning eng boy insonlari hayoti haqida gap ketsa, ko'pchil;ikda bu mavzu qiziqish uyg'otadi, ammo ular bosib o'tgan shonli yo'ldagi mehnat-u mashaqqatlarga dosh berish hamda sinovlardan faqat g'olib bo'lib chiqish, kerakli qarorni o'z vaqtida qabul qilish zehni-yu ilmi hammada ham yetarli bo'lavermaydi. Mazkur kitob orqali bugun hayot va faoliyatidagi sarguzashtlar hikoya qilinadigan Ilon Mask shaxsiyati qirralari haqida tanishar ekansiz, yuqoridagi fikr bot-bot xayolingizdan kechishi mumkin. Ushbu kitob mutolaasi shu jihati bilan ahamiyatliki, yoshlarni o'z maqsadi sari ilgarilayotgan og'ir damlarda uchragan barcha to'siq va qiyinchiliklarni mardonavor yengib o'tishga ilhomlantirsa, ota-onalarga esa farzandlari kamoli uchun zarur shart-sharoitlarni hozir qilish, ularning qiziqishlarini har tomonlama qo'llab-quvvatlash, tafakkurini o'stirish, bilimini rag'batlantirish naqadar lozim va lobud ekanini hayotiy muhim misollar vositasida uqtiradi."
6a14034292396a23f253d188,Uning ko'zlari,uning-kozlari,,,,Ahmadjon Quranbekov,2025,uz,cyrillic,paper,A5,320,0,978-9910-8781-4-5,65000,0,0,False,,5,0,132,40,0,True,False,False,False,simple,old,single,Badiiy adabiyotlar; Jahon adabiyoti,Унинг кўзлари; Uning ko'zlari,img/img-file-b91d53d069273615fc6feb44e072bb39.jpg,"Bo'zo'rg Alaviyning ushbu asari sevgi, iztirob va ijtimoiy adolat orzusi uyg'unlashgan adabiy shohasardir. Asar ilk bor 1952-yilda nashr etilgan bo'lib, bugunga qadar fors adabiyotining eng muhim klassik namunalaridan biri sifatida o'qilib kelinmoqda. Roman o'quvchini XX asrning avvalgi o'n yilliklaridagi Eron jamiyati, siyosiy bosimlar va yashirin kurashlar sahnasiga olib kiradi. Asar jamiyatda ziyolilarning mas'uliyati, ayollarning ichki dunyosi va erkinlik yo'lidagi intilish mavzularini o'z ichiga oladi. ""Uning ko'zlari"" - nafaqat shaxsiy qismat haqidagi roman, balki butun bir davr ruhiyatini, inson orzulari va iztiroblarini o'zida mujassam etgan asar."
6a14003c92396a23f253d038,Ilonni o'ldirsalar,ilonni-oldirsalar,,,,Dilfuza Turdiyeva,2026,uz,cyrillic,paper,A5,356,0,978-9910-5058-2-9,60000,0,0,False,,5,0,62,24,0,True,False,False,False,simple,old,single,Badiiy adabiyotlar,Илонни ўлдирсалар; Ilonni O'ldirsalar,img/img-file-4000206ac92508134bbf2cb4b38a0d81.jpg,Ilonni o'ldirsalar... Asar jamiyatdagi jamoaviy telbalik qanday qilib bir bolani qotilgan aylantirishi haqida. Hasan qarindoshlari va qishloq ahli bosimi ostida o'z onasini o'ldirishga majbur bo'ladi. To'qqiz yoshida sodir etgan bu jinoyati uni butun umr ta'qib etadi...
6a13fe6d92396a23f253cfa1,Shamolni bo'ysundirgan bola,shamolni-boysundirgan-bola,,,,Abu Bakr Fozilov,2025,uz,cyrillic,paper,A5,223,0,978-9910-8310-5-8,50000,0,0,False,,5,0,72,36,0,True,False,False,False,simple,old,single,Badiiy adabiyotlar; Jahon adabiyoti; Bolalar adabiyoti,Шамолни бўйсундирган бола; Shamolni bo'ysundirgan bola,img/img-file-0694a21d031c5546b6583acc60d00c0a.jpg,"Qurg'oqchilik uqubatlari sira arimaydigan Malavi qishlog'idan bo'lgan bir bola ko'pchilik imkonsiz deb bilgan ishni qilishga jur'at etdi: keraksiz chiqindilar, zang bosgan temir-tersaklardan shamol parragi yasab, uyiga nur olib kirdi. Uiliam Kamkvamba o'z boshidan kechirgan bardosh va umidning cheksiz qudrati haqidagi hayot hikoyasi bilan ko'pchilikka ilhom bag'ishlasa ajabmas. U qiziqishlari ortidan qat'iyat bilan ergashib, nafaqat o'z taqdirini, balki juda ko'pchilikning qarashlarini ham o'zgartira olgan. Bu kitob inson salohiyatining mohiyatini ochib beradi, birgina irodali, ishtiyoqqa to'la qalbning ""Urinib ko'rishdan qo'rqmadim va uddaladim"" degan ishonchi aql bovar qilmas ishlarga qodir ekanini ko'rsatadi. Ushbu asarni o'qing, farzandlaringizga ham o'qiting. Bolalaringizga sizdan qoladigan eng katta meros kurashuvchanlik ruhidir."
6a13fb2592396a23f253ce75,O'g'irlangan diqqat,ogirlangan-diqqat,,,,Charos Nizomiddinova,,uz,cyrillic,paper,A5,417,0,978-9910-09-487-3,63000,0,0,False,,5,0,72,36,0,True,False,False,False,simple,old,single,Ilmiy-ommabop,Ўғирланган диққат; O'g'irlangan diqqat; Yohan Hari,img/img-file-434d7491978c9189901e84defcd830cb.jpg,"Jurnalist va yozuvchi Yohan Hari so'nggi yillarda diqqatini jamlashi tobora qiyinlashib borayotganini sezgach, avval muammoni o'zodan qidiradi. Biroq keyinchalik bu muammo ko'pchilikka xos ekanini angaydi. Tadqiqotlar olib borib, mutaxassislar bilan suhbatlashgan sari muammo ancha chuqur va tizimli sabablar bog'liqligini kashf etadi. Muallif ushbu sabablarni batafsil tahlil qiladi va diqqatimizni qayta tiklash yo'llarini izlaydi. Uning ta'kidlashicha, faqat shaxsiy hayotimizda kichik o'zgarishlar qilish muammoni to'liq hal qila olmaydi. Diqaatimizni tortib olayotgan kuchlarga jamoaviy tarzda qarshi turishimiz kerak."
6a0accf392396a23f253523b,Yaqiningni sev,yaqiningni-sev,,,,Hafiza Qoʻchqorova,2026,uz,latin,hardcover,A5,480,0,978-9910-601-58-3,53000,0,0,False,,5,0,332,3228,0,True,False,False,False,simple,old,single,Badiiy adabiyotlar; Jahon adabiyoti,,img/img-file-89c7aa46939129dde56cfc6a4e41d3b1.jpg,"Remark bu romanda front sahnalari emas, balki chegaralar ortidagi vatansizlik fojeasi haqida soʻz yuritadi. Qahramonlar doimiy ravishda passport, ishlash va yashash huquqi muammosi bilan toʻqnashadi; chegaralar yopiq, odamlar sovuqqon va befarq, inson qadri qogʻoz parchasi - hujjatga bogʻliq boʻlib qolgan. Ular tirik, ammo huquqsiz; mavjud, biroq goʻyo yoʻqdek. Muallif inson shaʼni va erkinligi qanchalik moʻrt ekanligini Morits Rozental, Ludvig Kern, Rut Holland, Marill, Mari va Yozef Shtayner kabi obrazlar orqali ochib beradi."
6a0acae992396a23f25351a2,Usta va Margarita,usta-va-margarita-2,,,,Alisher Sa'dullayev,2026,uz,latin,hardcover,A5,592,0,978-9910-601-66-8,63000,0,0,False,,5,0,274,1465,0,True,False,False,False,simple,old,single,Badiiy adabiyotlar; Jahon adabiyoti; Fantastika,,img/img-file-6dbcc8dd9c0c554d58e77ecaf48fcb4b.jpg,"Mixail Bulgakov qalamiga mansub ushbu roman XX asr rus adabiyotining eng mashhur asarlaridan biridir. Romanda Moskvaning 1930-yillar hayoti, insonning maʼnaviy kurashi va yaxshi bilan yomon orasidagi bahslar tasvirlanadi. Roman falsafiy va satirik elementlarni, shuningdek, real hayot va fantastikani uygʻunlashtirgan. Romanning inson maʼnaviy ozodligi, muhabbat va jasorat mavzulariga bagʻishlangani oʻquvchi qalbini chuqur taʼsirlantiradi."
69f98789e7ae26e03e9f1718,Thematic IELTS Reading practice tests,thematic-ielts-reading-practice-tests,,,,,2025,en,latin,paper,A5,592,0,978-9943-8858-3-7,55000,0,0,False,,5,0,130,50,0,True,False,False,False,simple,old,single,Ilmiy-ommabop; O'quv adabiyotlar; Til o’rganish uchun qo’llanmalar,Thematic IELTS Reading practice tests; Thematic reading; reading; IELTS reading,img/img-file-e1a942e177256146eea5c51db052b2cc.jpg,"Ushbu qo'llanma Cambridge standartlariga mos ravishda, IELTS testlariga tayyorlanayotgan va o'qib tushunish ko'nikmasi bo'yicha kam tajribaga ega ekanligi tufayli yaxshi natijalarga erisha olmayotgan yoki qiyinchiliklarga uchrayotgan test tayyorlanuvchilariga mo'ljallangan. Qo'llanmadagi barcha berilgan savollar Cambridge Practice Tests kitobari va British Council manbalari asosida to'plangan. Savollar osondan qiyin darajaga qarab tartiblangan. Savollarning javoblari paragrafga yoki butun matnga taaluqliligiga ko'ra matn qisqartirilgan yoki butun holida berilgan."
69f71ef5e7ae26e03e9efd9b,Bolalarning mashinasi,bolalarning-mashinasi,,,,Aziza Husanboyeva,2025,uz,latin,paper,A5,12,0,978-9943-8592-2-8,13000,0,0,False,,5,0,76,1884,0,True,False,False,False,simple,old,single,Bolalar adabiyoti; Ertaklar,Болаларнинг машинаси; Bolalar mashinasi,img/img-file-a783cd2621a31371f2a603f966dfba62.jpg,
69f71db5e7ae26e03e9efd1a,Uzum poyasi,uzum-poyasi,,,,Mirziyod Hamidullayev,2019,uz,latin,paper,A5,12,0,978-9943-8592-3-4,13000,0,0,False,,5,0,36,1467,0,True,False,False,False,simple,old,single,Bolalar adabiyoti; Ertaklar,Узум пояси; Uzum poyasi; Ertaklar,img/img-file-0076f3a5d385d1d0d986ab40fe711222.jpg,
69f71b82e7ae26e03e9efb75,Qor malikasi,qor-malikasi,,,,"Usmon Qo'chqor, Alisher Usmon",2025,uz,latin,hardcover,A5,176,0,978-9943-20-294-8,27000,0,0,False,,5,0,80,121,0,True,False,False,False,simple,old,single,Bolalar adabiyoti; Ertaklar,Қор маликаси; Qor Malikasi; Kristian Andersen; Xans kristian andersen; hans kristian andersen,img/img-file-db0de79f7179bf1c50087597dedd2a0d.jpg,
69f71932e7ae26e03e9efa68,Ichindagi ichindadur,ichindagi-ichindadur,,,,Ilhom Salimov,2026,uz,latin,paper,A5,320,0,978-9943-9528-9-8,33000,0,0,False,,5,0,152,63,0,True,False,False,False,simple,old,single,Diniy adabiyotlar,Ичингдаги ичингдадур; Ичиндаги ичиндадур; Ichingdagi ichingdadur; Ichindagi ichindadur,img/img-file-7fa7a34b0d0cfadd49999b95515614e1.jpg,"Havola etilayotgan ushbu asar qomusiy asar bo'lib, unda mutafakkirning komil inson orzusi ifoda etilgan, ijtimoiy-falsafiy mulohazalari o'rin olgan. Mavlononing boshqa asarlari kabi bunda ham so'z va uning inson hayotidagi o'rni haqida ko'p gapiriladi. Rumiy so'z yaratuvchining in'omi va aynan so'z qalbning makoni ekanini ta'kidlarkan, insonlar o'zaro suhbatarida so'zning qudratini anglashlarini istaydi."
69f7011ae7ae26e03e9ef544,Sehrgar Oz mamlakatida,sehrgar-oz-mamlakatida,,,,,2023,uz,latin,paper,A5,96,0,978-9943-8756-6-1,14000,0,0,False,,5,0,40,0,0,True,False,False,False,simple,old,single,Fantastika; Sarguzasht; Bolalar adabiyoti,Сеҳргар Оз мамлакатида; Sehrgar Oz mamlakatida,img/img-file-ae3837e0ae34a3befd363998058a3994.jpg,"Tornado Dorotini oilasidan uzoqlashtirib, sehrli Oz yurtiga olib ketgach, qizaloq uyga qaytish yo'llarini izlay boshladi. Qiziq, u uyiga eson-omon keta olarmikan yoki uni G'arbning yovuz jodugarlari to'xtatib qolishadimi? Hammamiz uchun qadrli bo'lgan ushbu ertak ixchamlashtirilgan holda qayta tarjima qilindi va yangi rasmlar bilan boyitildi."
69f6fd72e7ae26e03e9ef41d,Chumchuq va Beshiktervatar,chumchuq-va-beshiktervatar,,,,,2020,uz,latin,paper,A5,16,0,978-9910-679-18-6,10000,0,0,False,,5,0,44,2154,0,True,False,False,False,simple,old,single,Ertaklar,Чумчуқ ва Бешиктерватар; Chumchuq va Beshiktervatar,img/img-file-a8ddd7e366d5ed642eea9b80863d7965.jpg,"Bu kichik yoshdagi bolalar uchun mo'ljallangan ertak bo'lib, unda yaxshilikka yaxshilik bilan javob qaytarish lozimligi, yo'qsa yomonlik javobsiz qolmasligi ta'sirli tarzda hikoya qilinadi. Ushbu ertakdan bolajonlar yaxshilik va yomonlik haqida o'zlariga kerakli xulosalar oladi degan umiddamiz."
69f6f512e7ae26e03e9ef228,Olim bilan podsho,olim-bilan-podsho,,,,,2017,uz,latin,paper,A5,48,0,978-9910-679-19-3,19000,0,0,False,,5,0,48,1723,0,True,False,False,False,simple,old,single,Ertaklar,Олим билан подшо; Olim bilan Podshoh,img/img-file-5dd7d2a7cb6f0a97f8c3d032458b3ede.jpg,Bilaman! Siz turli-tuman mavzularda juda ko'plab ertaklar o'qigansiz. Qo'lingizdagi kitob esa avval o'qigan ertak kitoblaringizdan anchagina farq qiladi. Negaki u sevimli qahramoningizning sizga atalgan so'zlari asnosida yozildi. Kitobda sizning sevimli qahramoningiz haqidagi ertaklar jamlangan.
69f6f305e7ae26e03e9ef0f7,Jahlimni yo'qotyapman,jahlimni-yoqotyapman,,,,,2025,uz,latin,paper,A5,10,0,978-9910-679-41-4,15000,0,0,False,,5,0,46,1979,0,True,False,False,False,simple,old,single,Bolalar adabiyoti,Жаҳлимни йўқотяпман; Jahlimni yo'qotyapman; Zamonaviy ertak,img/img-file-597aa11c429163ae27dbc68b7dcf4fa0.jpg,"Sardor o'yinqaroq, ammo aqlli bola. Do'stlari bilan o'ynashni juda yaxshi ko'radi. Har safar endi oyisi tayinlagan darslarini qilmoqchi bo'lganida, o'rtoqlari va sevimli koptogi uni o'z holiga qo'ymaydi. Do'stlari bilan o'ynash zo'r, lekin janjallashib qolish yomon. Sardor janjallashgan payt jahlini tiyolmaydi. Alamini atrofdagilardan oladi. Bu yaxshi odat emas! Ushbu kitob orqali siz hissiyotlarni qanday jilovlashni o'rganib olishingiz mumkin. Shuningdek, kitob so'nggida qadrli ota-onalar uchun muhim eslatma bor."
69f6f123e7ae26e03e9eef82,Endi xafa bo'lmayman,endi-xafa-bolmayman,,,,,2026,uz,latin,paper,A5,16,0,978-9910-8537-6-0,15000,0,0,False,,5,0,40,1822,0,True,False,False,False,simple,old,single,Bolalar adabiyoti,Энди хафа бўлмайман; Endi xafa bo'lmayman; Zamonaviy ertak,img/img-file-aa1a836a303ac00f2edb7c28aa110c91.jpg,"""Endi xafa bo'lmayman"" - bolalar qalbidagi ranjish, jahl va qayg'u kabi og'ir hislarni mehr, kechirish va tushunish orqali yengish haqidagi ta'sirli badiiy hikoya. Asarda kichik qahramon Sardor yo'qotilgan o'yinchoq orqali qalbida paydo bo'lgan og'irlikni his qiladi. Faqat samimiy so'z, kechirish va mehrgina qalbdagi ""og'ir tosh""ni eritib, quvonchni qaytara olishi ko'rsatiladi."
69f6ef73e7ae26e03e9eee46,Hayratimni topib oldim,hayratimni-topib-oldim,,,,,2025,uz,latin,paper,A5,12,0,978-9910-679-49-0,15000,0,0,False,,5,0,34,1978,0,True,False,False,False,simple,old,single,Bolalar adabiyoti,Ҳайратимни топиб олдим; Hayratimni topib oldim; Zamonaviy ertak,img/img-file-b6faa09f1e392bc37d753873d9f6bdb2.jpg,"Siz Sardorni taniysiz. Avvalgi kitobimizda jahlini jilovlashni o'rgangandi. Bu safar u dunyodagi eng zo'r rasmni chizmoqchi. Ammo unga nimadir yetishmayapti.U narsa nima deb o'ylaysiz? Hikoya davomida Echki, Sigir, Mushuk va Tovuq birgalashib Sardorga ana shu narsani topishda yordam beradi. Shuningdek, siz ushbu kitob orqali dunyodagi eng zo'r rasmni chizish uchun nima qilish kerakligini bilib olishingiz mumkin."
69f6edd0e7ae26e03e9eeda6,Quvonchimni qidiryapman,quvonchimni-qidiryapman,,,,,2025,uz,latin,paper,A5,16,0,978-9910-679-59-9,15000,0,0,False,,5,0,60,2889,0,True,False,False,False,simple,old,single,Bolalar adabiyoti,Қувончимни қидиряпман; Quvonchimni qidiryapman; zamonaviy ertak,img/img-file-ea0cbb87864aa6a3cf67935f585354f0.jpg,"Sardor g'aroyib bola. Bir jahlini yo'qotishga urinsa, bir hayratini izlab qoladi. Bu gal quvonchini topmoqchi. U quvonchini yomg'ir yog'gan kun yo'qotib qo'ygandi. Do'stlari - uy hayvonlari birlashib, Sardorning quvonchini izlashdi, biroq topisholmadi. Shunda oyisi yordamga keldi. Ushbu kitobcha so'nggida Sardor quvonchini qanday topganini bilib olishingiz mumkin."
69f6e99ee7ae26e03e9eea0c,Ajdar o'rgatuvchilar 3: Yovuzlik qal'asidan qochish,ajdar-orgatuvchilar-3-yovuzlik-qalasidan-qochish,,,,Amina Saydaliyeva,2026,uz,latin,paper,A5,224,0,978-9910-8537-9-1,33000,0,0,False,,5,0,94,2611,0,True,False,False,False,simple,old,single,Jahon adabiyoti; Fantastika; Sarguzasht; Bolalar adabiyoti,Аждар ўргатувчилар 3; Аждар ўргатувчилар 3: Ёвузлик қалъасидан қочиш; Ёвузлик қалъасидан қочиш; Ajdar o'rgatuvchilar 3: Yovuzlik qal'asidan qochish; Ajdar o'rgatuvchilar 3; Yovuzlik qal'asidan qochish,img/img-file-249bae247037fbebd69c626449f89dea.jpg,"Bezorilar qabilasining bo'lg'usi qaroqchilarini tayyorlash vazifasiga mas'ul Ochofat shogirtlari zimmasiga yangi topshiriq yukaladi. Unga ko'ra Chiyildoq do'stlari bilan nihoyatda beozorligi bilan tanilgan tinchliksevarlarning baliqchi qayiqlariga hujum qilib, ularning dubulg'asini harbiy o'lja sifatida tortib olishlari lozim edi. Biroq Chiyildoq do'sti Baliqoyoq bilan tumanda adashib qoldi va tinchliksevarlarning baliqchi qayiqlari qolib, rimliklarning jangovar kemasiga hujum qilishdi. Ushbu tasodif tufayli Chiyildoq  rimliklarning qoyilmaqon rejasidan boxabar bo'ldi. Agar mazkur reja amalga oshsa, rimliklar Ichki ummon sohillaridagi jamiki ajdarlarni osongina o'g'irlab keta olishardi. Xo'sh, Chiyildoq bunga qarshi qanday chora qo'llay oladi?"
69f6e5d7e7ae26e03e9ee95d,Ajdar o'rgatuvchilar 2: Qaroqchilik san'ati,ajdar-orgatuvchilar-2-qaroqchilik-sanati,,,,Davron Sultonov,2026,uz,latin,paper,A5,219,0,978-9910-8537-7-7,33000,0,0,False,,5,0,458,2263,0,True,False,False,False,simple,old,single,Jahon adabiyoti; Fantastika; Sarguzasht; Bolalar adabiyoti,Аждар ўргатувчилар 2: Қароқчилик санъати; Аждар ўргатувчилар 2; Қароқчилик санъати; Ajdar o'rgatuvchilar 2: Qaroqchilik san'ati; Ajdar o'rgatuvchilar 2; Qaroqchilik san'ati,img/img-file-48b234b6c0cba234b10eb313f0a75477.jpg,"Chiyildoqning ajdodi Daxshatli Qorasoqol o'z davrining mashhur qaroqchisi bo'lgan. Odamlar orasida u kemalarni talab, ulkan xazina to'plagani haqida turli afsonalar yuradi. Bezorilar qabilasidagi har bir bola Qorasoqolning jasoratlarini eshitib ulg'ayadi. Vikinglar orasida unga bo'lgan havas juda ham yuqori. Qorasoqol xazinasini qayerga yashirganini hech kim bilmasdi, toki dengizda uning tobuti paydo bo'lgunicha. Tobut ichida Qorasoqolning boyligini topishga yordam beruvchi xarita va jumboq bor edi. Yo'qolgan xazinani topish imkoni Bezorilarning halovatini o'g'irladi. Ular boylikka erishish uchun eng xavfli maxluqlar yashovchi orolga ham tayyor..."
69f6e19ee7ae26e03e9ee7b9,Sergey Brin va Larri Peyj: Google asoschilari,sergey-brin-va-larri-peyj-google-asoschilari,,,,Saodat Abdurahmonova,2019,uz,latin,paper,A5,224,0,978-9910-601-35-4,32000,0,0,False,,5,0,58,2389,0,True,False,False,False,simple,old,single,Biznes adabiyotlar,Сергей Брин ва Ларри Пейж: Google асосчилари; Google асосчилари; Google asoschilari; Sergey Brin va Larri Peyj: Google asoschilari; Google,img/img-file-46b94c5d7f4753f1455fb7347b0d75d4.jpg,"Har bir insonning muayyan sohada yashirin iste'dodi bo'ladi. Jamiyatda qanday mavqega erishishimiz esa ana o'sha noyob qobiliyatni yuzaga chiqara olishimiz yoki uni ruhiyatimizda pinhon saqlashimiz bilan o'lchanadi. Mazkur kitobni o'qir ekansiz, Sergey Brin va Larri Peyjning Stenford universitetida o'qib yurgan kezlarida siz-u biz kabi qalblari yuksak orzularga limmo-lim oddiy insonlar bo'lishganiga guvoh bo'lasiz. Biroq ular muvaffaqiyatga erishish yo'lida shunchaki shirin orzularga berilish bilan cheklanib qolmadilar. Puxta rejalar asosida harakatdan bir zum ham to'xtamagani va omilkorlik bilan qo'l ostidagi xodimlarga ijobiy ta'sir o'tkaza olgani tufayli ulkan korporatsiyani vujudga keltirishdi. Bundan anglashiladiki, yaxshi natija tinimsiz mehnat va favqulodda muhim vaziyatlarda to'g'ri qaror qabul qilish orqali qo'lga kiritilishi mumkin."
69f6dd2ae7ae26e03e9ee644,Brend yaratish san'ati,brend-yaratish-sanati,,,,Shoiraxon Anvarbekova,2026,uz,latin,hardcover,A5,192,0,978-9910-8588-1-9,55000,0,0,False,,5,0,60,45,0,True,False,False,False,simple,old,single,Biznes adabiyotlar,Бренд яратиш санъати; brend yaratish san'ati,img/img-file-f9ab95482cdda3b53722f5c206830b61.jpg,"Ushbu asar brendga nom tanlashni shunchaki texnik jarayon emas, balki san'at darajasiga ko'targan noyob qo'llanmadir. Muallif o'zining ko'p yillik tajribasi, real hayotiy misollar, kulgili voqealar va aniq amaliy tavsiyalar orqali o'quvchini to'g'ri, esda qolarli, va savdoga xizmat qiladigan nom yaratish sirlariga olib kiradi. Kitob tadbirkorlar, marketologlar, brend menejerlari, dizaynerlar, startap asoschilari hamda ijodkorlar uchun mo'ljallangan. Asarni o'qigan o'quvchi nom tanlashdagi eng ko'p uchraydigan xatolani tanib oladi, auditoriya ongida qoladigan nom qanday bo'lishini tushunadi va brendini kuchaytirish uchun puxta nom tanlashni o'rganadi. Bu kitob - nom tanlashdan qo'rqadiganlar uchun yo'l ko'rsatgich, adashganlar uchun esa aniq kompasdir."
69f5e8fde7ae26e03e9ede5c,Hikmatlar xazinasi,hikmatlar-xazinasi,,,,Urfon Otajon,2025,uz,cyrillic,hardcover,A5,384,0,978-9910-708-82-4,44000,0,0,False,,5,0,38,1598,0,True,False,False,False,simple,old,single,Diniy adabiyotlar,Ҳикматлар хазинаси; hikmatlar xazinasi,img/img-file-b2c31e83a4c0909d8fb472e2ebb72ee2.jpg,"Yusuf Tovasliyning ushbu asari imon, axloq va ma'rifatga yetaklovchi nurli yo'la o'xshaydi. Unda Qur'oni Karim oyatlari, Payg'ambarimiz Muhammad (s.a.v) hadislaridan hamda buyuk allomalar va avliyolarning hikmatli so'zlaridan o'rinli misollar keltiriladi. Har bir hikmat hayotiy vaqealar bilan bog'lanib, sodda va ta'sirchan tilda sharhlanadi. Kitob o'quvchini halollik, sabr, shukronalik, adolat va mehr-oqibat kabi yuksak fazilatlarni qalbida mustahkamlashga chorlaydi. Kitobdagi pand-nasihatlar kundalik hayotning sinov va qiyinchiliklariga Qur'on va hadis mezonida yechim taklif etadi. ""Hikmatlar xazinasi"" - oilaviy o'qish, ta'lim va tarbiya jarayonida ishonchli yo'ldosh, barcha yoshdagilar uchun ruhiy boylik manbai. Kitob mutolaasidan so'ng o'zingiz ham bunga amin bo'lasiz."
69f5e3f4e7ae26e03e9edcd1,Yagona narsa,yagona-narsa,,,,"Shohida Komilova, Abu Bakr Fozilov",2019,uz,cyrillic,paper,A5,240,0,978-9910-8581-3-0,65000,0,0,False,,5,0,68,21,0,True,False,False,False,simple,old,single,Shaxsiy rivojlanish uchun adabiyotlar,Ягона нарса; Yagona narsa,img/img-file-6e9ed83ad0eb64f08cb2eb013e6d35be.jpg,Ushbu kitobni o'qish orqali siz bir vaqtda ko'p ish qilish aslida samarasiz chiranish ekanini anglab yetasiz to'g'ri tanlangan yagona harakat ortida ulkan natijalarga erishsa bo'lishini uqib olasiz hamda  javobini topishga intilishingiz natijasida hayotingiz tartibga keladigan savol bilan yuzlashasiz.
69f5dc4be7ae26e03e9edba6,Po'rtana,portana,,,,,2026,uz,latin,hardcover,A5,304,0,978-9910-8582-2-2,52000,0,0,False,,5,0,60,99,0,True,False,False,False,simple,old,single,Badiiy adabiyotlar,Пўртана; Po'rtana; Ajdarho komida; kinoroman,img/img-file-1924eab230a74a1e235f740262e8a4e0.jpg,"Qo'lingizdagi kitobni insoniyat tarixidagi eng shonli va eng murakkab davr - XX asrning bir oila hayotida aks etgan qayg'ulari, quvonchlari solnomasi deyish mumkin. O'tgan yuzyillikda xalqimiz boshidan kechirgan yirik va mudhish voqea hodisalar alohida olinganinsonlar taqdiri misolida rejissorning nigohi, yozuvchining nazari, olimning tahlili, faylasufning mushohadasi... eng muhimi, cho'ng inson qalbi bilan badiiy idrok etilgan. Kitobni mutolaa qilarkansiz, ko'nglingiz to'lqinlanib, ko'zingiz yolqinlanib, shuuringiz sergaklanib, tafakkuringiz tiniqlashib boradi. O'zingizga, umringizga va hayotingizga boshqacha rakursdan boqasiz."
69f5d958e7ae26e03e9eda9e,"Alvido, Buxoro",alvido-buxoro-1,,,,Iqboljon Usmon,2026,uz,cyrillic,paper,A5,356,0,978-9943-8365-8-7,70000,0,0,False,,5,0,108,24,0,True,False,False,False,simple,old,single,Badiiy adabiyotlar; Tarixiy,"Алвидо, Бухоро; Alvido, Buxoro",img/img-file-c344c9f80d9fc976c2e636a0c994bfd8.jpg,"Ushbu roman ""Yonayotgan Buxoro"" romanining davomidir. Romanda inqirozga yuz tutgan Xorazm davlatining tiklanishi haqida so'z boradi. Jaloliddin Xorazmshoh otasining o'limidan so'ng qo'shinni qaytadan to'plab mo'g'ul qo'shiniga zarba bera boshlaydii, qisqa fursatda davlatni qaytadan oyoqqa turg'izadi. Afsuski, sarkarda Temur Malikka bu yo'lda mo'g'ullar emas, ko'proq irqchilik, birodarkushlik to'g'anoq bo'ladi. Musulmon davlatlar ham mushtarak g'anim qarshisida birlashish o'rniga, o'zaro adovatlashadi yoki bir-biriga yordam bermaydi. Xorazmshohlar davlatini qaytdan tiklagan Jaloliddin Xorazmshoh mo'g'ul qo'shini mag'lubiyatga uchratadi, lekin mo'g'ullar uyushtirgan makkorona fitna tufayli Saljuqiylar davlati bilan jang qilishga majbur bo'lib, bu jangda mag'lubiyatga uchraydi. Oqibatda Xorazmshohlar davlati butunlay qulaydi. Ikki qardosh, dindosh davlatni bir-biriga gijgijlatib qo'yishga muvaffaq bo'lgan mo'g'ullar endi boshqa davlatlarni ham mag'lub eta boshlaydi..."
69f5d4b2e7ae26e03e9ed9d0,"Bolakay, Ko'rsichqon, Tulki va Tulpor",bolakay-korsichqon-tulki-va-tulpor,,,,Shahnoza Karimova,2025,uz,latin,hardcover,A5,128,0,978-9910-8219-4-3,86000,0,0,False,,5,0,388,-3,0,True,False,False,False,simple,old,single,Badiiy adabiyotlar; Jahon adabiyoti; Falsafa,"Болакай, Кўрсичқон, Тулки ва Тулпор; bolakay, ko'rsichqon, tulki va tulpor",img/img-file-1cc98761832aa6976568659ba0c901ad.jpg,"Muhabbat, do'stlik, mehr - bu kitob hamma tushunadigan tilda yozilgan... (Bear Grills)"
69f5d006e7ae26e03e9ed88f,Nabiralarimga maktublar,nabiralarimga-maktublar,,,,,2019,uz,cyrillic,paper,A5,190,0,978-9910-5090-2-5,29000,0,0,False,,5,0,50,24,0,True,False,False,False,simple,old,single,Bola tarbiyasiga oid kitoblar; Oila uchun,Набираларимга мактублар; nabiralarimga maktublar; Erkin malik,img/img-file-21b5045c2b7a26a382b56a9f9ed2976e.jpg,
69f5cdfee7ae26e03e9ed763,Yosh yigitga nasihat,yosh-yigitga-nasihat-1,,,,"G'iyosiddin Habibulloh, Komronbek Islom",2026,uz,cyrillic,paper,A5,308,0,978-9910-8745-2-9,75000,0,0,False,,5,0,82,29,0,True,False,False,False,simple,old,single,Diniy adabiyotlar; O'smirlar uchun,Ёш йигитга насиҳат; Yosh yigitga nasihat; yosh yigitga nasihatlar,img/img-file-3cf2012431507f29c6da93a19b01173e.jpg,"Sening haqiqiy yoshing tug'ilganingdan beri o'tkazgan yillaring bilan emas, balki o'zing va dining uchun qilgan solih amallaring ila o'lchanar ekan... Yo'q, ey ukaginam, o'z lug'atingdan ""qila olmayman"" degan so'zni chiqarib tashla, sen Allohning izni ila hayotda insoniyatga k'oplab tortiqlar berishga qodirsan!..."
69f5cb71e7ae26e03e9ed6a4,Oy jodusi,oy-jodusi,,,,,2025,uz,cyrillic,hardcover,A5,368,0,978-9910-708-54-1,48000,0,0,False,,5,0,94,1523,0,True,False,False,False,simple,old,single,Badiiy adabiyotlar,Ой жодуси; oy jodusi,img/img-file-f8a0f0ed1c9c4131fb21a4a872ddb51d.jpg,"Ne'mat Arslon hayotda biroz tortinchoq va ehtiyotkor inson. Ammo yozuvchi sifatida buning mutlaqo teskarisi. Hech bir ijod ahligano'xshamaydigan shakkok va qaysar. Uning ijod olamida butunlay yanggi yo'llarni, betakror yo'nalishlarni, boshqa ijodkorlar tomonidan qo'llanilmagan uslub tovlanishlarini ko'ramiz. Yozuvchi novellalarida tekis yo'lni qo'yib, og'ir va mashaqqatli, notanish so'qmoqlardan yurishga bo'lgan ishtiyoq ustunlik qiladi. Ne'mat Arslonga xos o'sha shakkoklik bo'rtib, ko'rinib turadi. Noan'anaviy uslubda bitilgan yozuvchi novellalari siz aziz kitobxonlarni befarq qoldirmasligiga ishonamiz."
69f2d815e7ae26e03e9e1f83,Qanday mashhur bo'ldim?,qanday-mashhur-boldim,,,,"Yusufjon Jo'raboyev, Ziyauddin Begmuhammad",2026,uz,latin,paper,A5,208,0,978-9910-8416-8-2,48000,0,0,False,,5,0,78,43,0,True,False,False,False,simple,old,single,Badiiy adabiyotlar; O'smirlar uchun,Қандай машҳур бўлдим?; Qanday mashhur bo'ldim,img/img-file-8621af398a83258ade1afe6b6dfc417c.jpg,"Efe va do'stlarining mashhurlik ilinjida boshidan kechirgan sarguzashtlarini yetti uxlab tushingizda ham ko'rmagansiz! Efening ijtimoiy tarmoqlardagi haddan ortiq mahzunli, alamli postlari do'stlari orasida mazax mavzusiga aylanadi, oilasining esa fig'onini falakka chiqaradi. Natijada, Efega internetdan foydalanish qat'iyan man etiladi. Ammo bu taqiq shunday g'aroyib bir loyiha bilan buzib o'tiladiki, hamma hayratdan yoqa ushlaydi. Hayrat bilan boshlanib, bir nafasda o'qiladigan, va qalbingizni iliqlikka to'ldiradigan bu sarguzashtni qo'ldan boy bermang."
69f2d5d4e7ae26e03e9e1ecf,Qanday qahramon bo'ldim?,qanday-qahramon-boldim,,,,"Yusufjon Jo'raboyev, Ziyauddin Begmuhammad",2026,uz,latin,paper,A5,192,0,978-9910-8416-9-9,48000,0,0,False,,5,0,36,44,0,True,False,False,False,simple,old,single,Badiiy adabiyotlar; O'smirlar uchun,Қандай қаҳрамон бўлдим?; Qanday qahramon bo'ldim,img/img-file-1fdd0185e3f453876a1051bb6df71edb.jpg,"Yo'qolgan kuchuk, shubhali kimsalar, sirli ishoralar va sarguzashtga o'ch besh o'rtoq bir joyga yig'ilsa, nima bo'ladi? Albatta, favqulodda g'aroyib ishlar sodir bo'ladi... Maktabdan uyga qaytayotib xavf ostida qolgan Efening hayoti bir zumda jangari kinolardagidek tus oladi... ""Jasur"" laqabli do'stini qutqarish uchun xatarli olovga o'zini urgan Efening qahramonlik qissasi sizni hayajon, xavotir va shodon kulgi olamiga yetaklaydi..."
69f2d33ce7ae26e03e9e1d66,Sag'ri teri tilsimi,sagri-teri-tilsimi,,,,"Mirziyod Mirzoidov, Mahkam Mahmudov",2022,uz,latin,paper,A5,328,0,978-9943-6806-2-3,32000,0,0,False,,5,0,186,11,0,True,False,False,False,simple,old,single,Badiiy adabiyotlar; Jahon adabiyoti,Сағри тери тилсими; Sag'ri teri tilsimi; Onore de balzak,img/img-file-49bb65f7210399c5a07e108549b099b3.jpg,"Onore de Balzak - nafaqat Fransuz adabiyotining balki butun dunyo adabiyotining yorqin vakillaridan biridir. Uning roman, qissa, hikoya, badia va xatto kundaliklaridagi yozuvlari ham badiiyot, fikr, tafakkur, umuman, adabiyotni qadrlaydiganlar uchun doimiy ko'ngil hamrohidir. U o'z ijodi bilan inson fitratining rahmon va shayton o'rtasidagi sarsonligini badiiyatga sig'dira olgan adibdir. Buyuk adibning ushbu romanini taqdim etar ekanmiz, qadrli kitobxonlarning muhabbatini qozonishiga ishonch bildirib qolamiz."
69f187eee7ae26e03e9e0af5,Dengiz ko'chmanchilari,dengiz-kochmanchilari,,,,"SH.K.Xalil, SH.Ahmedov, N.Boqiy, J.Jovliyev, Q.Mirmuhammedov",2025,uz,cyrillic,hardcover,A5,224,0,978-9910-708-46-6,32000,0,0,False,,5,0,70,1570,0,True,False,False,False,simple,old,single,Badiiy adabiyotlar,Денгиз кўчманчилари; Dengiz ko'chmanchilari,img/img-file-5396e3bca37190cf638159aea1f6c484.jpg,"""Dengiz ko'chmanchilari"" - allegorik qissasida yozuvchi okean oqimiga tushib qolgan va undan chiqib ketishga harakat qilayotgan odamlarning kechmishi haqida so'zlaydi. Oqimdan chiqishning iloji yo'q, chunki bu hayotning aynan o'zi, ammo inson kurashishi kerak. Qissada yozuvchi buni inson hayotining erkinligi va zarurati nuqtai nazaridan ramziy bir shaklda ko'rib chiqadi."
69f18616e7ae26e03e9e0a7c,English topics,english-topics,,,,,2019,uz,latin,paper,A5,32,0,978-9943-5740-4-5,8000,0,0,False,,5,0,28,81,0,True,False,False,False,simple,old,single,Bolalar adabiyoti,English topics; Inglizcha matnlar,img/img-file-c79667a0abf8ac10367d8f17f44c69ba.jpg,Ushbu kitobda berilgan qiziqarli va rang-barang mavzular yordamida ingliz tilini maroqli tarzda o'rganish mumkin. Mavzular doirasi bolalarning qiziqishlaridan kelib chiqib belgilangan. Mazkur kitob boshlang'ich sinf o'quvchilari va ularning ota-onalari hamda ingliz tilini mustaqil o'rganishni xohlovchi bolajonlar uchun foydali bo'ladi degan umiddamiz.
69f043f5e7ae26e03e9deb93,Erkatoy english,erkatoy-english,,,,,2025,uz,latin,paper,A5,64,0,978-9910-09-233-6,12000,0,0,False,,5,0,38,25,0,True,False,False,False,simple,old,single,Bolalar adabiyoti,Эркатой энглиш; erkatoy english; erkatoy; Эркатой,img/img-file-6486a6ffcc28374363ec5f7a5537873c.jpg,"Ushbu kitob bolajonlar uchun sodda, tushunarli va qiziqarli tarzda tuzilgan bo'lib, har bir mavzu yorqin rasmlar, rangli sahifalar va mantiqiy izchillik asosida berilgan. Kitobdagi ingliz, o'zbek va rus tilidagi asosiy so'zlar, iboralar, harflarni oson o'zlashtirishga yordam beradi va eng muhimi, o'qituvchi yoki ota-ona bilan birgalikda mustaqil o'rganish uchun qulay vosita hisoblanadi."
69f041aee7ae26e03e9deb31,Erkatoy,erkatoy,,,,,2025,uz,latin,paper,A5,64,0,978-9910-01-558-8,10000,0,0,False,,5,0,26,38,0,True,False,False,False,simple,old,single,Bolalar adabiyoti,Эркатой; Erkatoy,img/img-file-6e48348fdeab6297a1af8945e471bf3e.jpg,Bolalar uchun jajji she'rlar
69f0406ee7ae26e03e9dea5c,Erkatoy ertaklari,erkatoy-ertaklari,,,,,2026,uz,latin,paper,A5,160,0,978-9910-01-594-6,15000,0,0,False,,5,0,24,127,0,True,False,False,False,simple,old,single,Bolalar adabiyoti,Эркатой эртаклари; Erkatoy ertaklari; Эркатой; Erkatoy,img/img-file-5c82a13d9272e3624e6caa72d1b1d67f.jpg,
69f03f21e7ae26e03e9de82b,Erkatoy alifbo 2,erkatoy-alifbo-2,,,,,2026,uz,latin,paper,A5,64,0,978-9910-8237-2-5,15000,0,0,False,,5,0,24,35,0,True,False,False,False,simple,old,single,Bolalar adabiyoti,Эркатой алифбо 2; Эркатой алифбо; Erkatoy alifbo 2; Erkatoy Alifbo,img/img-file-df318d13d659b38124af6118d69bb0cd.jpg,"Mazkur qo'llanma ""Erkatoy alifbo"" kitobining mantiqiy davomi sifatida yaratilgan bo'lib, unda bolalarning savod chiqarish jarayonini yanada samarali tashkil etishga xizmat qiladigan turli xil qiziqarli materiallar jamlangan. Ushbu nashr o'quvchilarning o'zlashtirish darajasini oshirish, ularning fikrlash doirasini kengaytirish hamda badiiy-estetik didini shakllantirishga alohida e'tibor qaratiladi. Kitobda bolalar uchun sevimli bo'lgan she'rlar, ertaklar, matallar, topishmoqlar va turli didaktik o'yin topshiriqlari joy olgan. Bu materiallar nafaqat o'qish va yozish ko'nikmalarini mustahkamlashga, balki ularning mantiqiy tafakkuri, tasavvuri va nutq madaniyatini rivojlantirishga ham xizmat qiladi."
69eef015e7ae26e03e9dc9b2,Risolai Qushayriya,risolai-qushayriya,,,,"Abu Muslim, Sharif Odilbek",2026,uz,cyrillic,hardcover,A5,592,0,978-9910-601-50-7,100000,0,0,False,,5,0,162,2376,0,True,False,False,False,simple,old,single,Diniy adabiyotlar,Рисолаи Қушайрия; Risolai Qushayriya; Ruhiy tarbiya; Руҳий тарбия,img/img-file-8918ee12bcbf7af13fdecffd455a2ebd.jpg,"Ushbu asar tasavvuf ilmidagi eng mashhur va ishonchli manbalardan biri bo'lib, u buyuk mutasavvif, orif olim Imom Abul Qosim Abdulkarim ibn Havozin ibn Abdulmalik ibn Talha ibn Muhammad an-Nishopuriy al-Qushayriy qalamiga mansubdir. Asar tasavvuf ilmining asosiy tushunchalari, ahli tariqatning odob-axloqi, ruhiy tarbiya usullari va qalb poklanishining yo'llarini mukammal tarzda bayon qiladi. Muallif so'fiylikni bid'at yoki havoyi nafsga berilgan yo'l emas, balki Qur'on va sunnatga asoslangan ma'naviy tarbiya maktabi sifatida asoslab tushuntiradi. Kitobda tavba, sabr, shukr, ixlos, taqvo, tavakkul, zikr, muhabbat, ma'rifatulloh kabi muhim maqom va hollar keng sharhlanadi. Shuningdek, ilk so'fiy zotlarning qisqacha tarjimai hollari keltirilgan bo'lib, ularning hikmatli so'zlari ibratli hayot yo'llari o'quvchiga ruhiy ozuqa beradi."
69ec62c3e7ae26e03e9db0c5,Qo'rquv vodiysi,qorquv-vodiysi-1,,,,O'tkirbek Muhammadsobir,2025,uz,latin,hardcover,A5,144,0,978-9910-8239-1-6,38000,0,0,False,,5,0,82,49,0,True,False,False,False,simple,old,single,Detektiv adabiyotlar; Jahon adabiyoti,Қўрқув водийси; Qo'rquv vodiysi; Artur Konan Doyl; Артур Конан Дойл; Шерлок Ҳолмс; Sherlok Holms; Sherlok Homs,img/img-file-feab5d45e89e0bc95eeffbadc27887d3.jpg,"Asar voqealari dastlab Angliyada, sirli qotillik bilan boshlanadi. Sherlok Holms va uning sodiq hamrohi doktor Vatsonga shubhali xat orqali kelgan ogohlantirish butun sarguzashtlarning kalitiga aylanadi. Holms tergov davomida jinoyat ortida turgan murakkab kuchlar, fitnalar va qasosga asoslangan o'tmish voqealar izini topadi. Roman ikkinchi qismida o'quvchini Amerikaga, Pensilvaniya shtatidagi qo'rquv va vahima hukmron bo'lgan vodiyga olib boradi. Bu yerdagi yashirin uyushmalar, zo'ravonlik va shafqatsizlik tasvirlanadi. Asarning o'ziga xosligi shundaki, unda nafaqat jinoyat sirini ochish, balki insoniy jur'at va adolat uchun kurashning keskin sahnalari ham o'rin olgan. Ushbu asar nafaqat detektiv adabiyot ixlosmandlari, balki inson ruhiyati, jasorat va haqiqat izlanishlari bilan qiziqadigan barcha kitobxonlar uchun qiziqarli asar."
69eb4552e7ae26e03e9da2d2,Arosat,arosat,,,,Damin Jumaqul,2026,uz,cyrillic,paper,A5,220,0,978-9910-8106-3-3,55000,0,0,False,,5,0,200,33,0,True,False,False,False,simple,old,single,Badiiy adabiyotlar,Аросат; Arosat,img/img-file-06200dbcfdadcdf8649e6f2af23e0746.jpg,"Bu kitob sizga nafaqat yo'lingizni, balki o'zingizni topishga yordam beradi. Tashqi dunyodan uzilib, ichki haqiqatingiz bilan yuzlashmoqchi bo'lsangiz, demak, bu kitob sizni to'g'ri topibdi. Ushbu asarda tasvirlangan voqealar badiiy to'qima mahsuli bo'lib, ular hech qanday diniy yoki ilmiy qarashlarni ifoda etmaydi. Joy nomlari, asar qahramonlarining ism-sharifi ham mutlaqo tasodifiydir."
69eb4357e7ae26e03e9da20e,Devona,devona,,,,Avazxon Umar,2026,uz,cyrillic,paper,A5,204,0,978-9910-8876-0-4,57000,0,0,False,,5,0,210,34,0,True,False,False,False,simple,old,single,Badiiy adabiyotlar; Romantik,devona; Девона; fotih duman,img/img-file-6ce4a169e6ca1c5d7f78a77880def83b.jpg,"""Sevish — kutish demakdir."" Bu oddiy ko'ringan jumla ""Devona"" asarining butun falsafiy og'irligini o'zida mujassam etadi. Fotih Duman bu asarida sevgini harakatda emas, balki sabr va intizorda — ya'ni kutishning o'zida izlaydi. Asarning asosiy g'oyasi shundan iboratki, haqiqiy sevgi — bu erishish yoki yo'qotish emas, balki sevgilini kutib yashashning o'zi. Kutish — zaiflik belgisi emas, aksincha, u ishqning eng chuqur, eng sofdagi holati. Devona — aql bilan emas, qalb bilan yashovchi inson; u kutayotgani uchun emas, kutishga dosh berayotgani uchun devona. Muallif uslubi jihatidan asar Fotih Dumanning boshqa asarlariga — ""Men"", ""Sir"", ""Dam"" — xos xususiyatlarni davom ettiradi: tasavvufiy ruh, qisqa lekin og'ir jumlalar, ichki monolog usuli. Har bir sahifa o'quvchini tashqi voqeadan ko'ra ichki holatga — o'z kutishlariga, o'z ""devonalik""lariga — yuzlashtiradi."
69eb4111e7ae26e03e9da16f,Hayot qadri,hayot-qadri-1,,,,Dilobar Olimova,2025,uz,latin,paper,A5,216,0,978-9910-8142-8-0,72000,0,0,False,,5,0,76,80,0,True,False,False,False,simple,old,single,Badiiy adabiyotlar; Romantik,Hayot qadri; Ҳаёт қадри,img/img-file-0e120b55c0ef4bef10bd573559ac7353.jpg,"1958-yil. O‘n yetti yoshli Lendon yoshlik yillaridan zavq olib yashaydi. Qizlar bilan uchrashadi, hatto sevib qolganman deb o‘ylaydi. U qayerga bormasin, qo‘lida Muqaddas kitob ko‘tarib yuradigan, beva otasiga g‘amxo‘rlik qiladigan va bolalar uyida ko‘ngilli tadbirlar uyushtiradigan ruhoniyning qizi uyatchan va odamovi Jeymi Sallivandan tamomila farq qiladi. Ammo taqdir ularni uchrashtirishga ahd gilgan. Bitiruv kechasi raqsida majburan juft bo‘lgan Lendon va Jeymi dunyoni larzaga soluvchi muhabbat va azobli yo‘qotish safariga chiqadi. Keyingi oylarda Lendon shundayin hayratlanarli qaror qabul qiladiki, bu uni muqarrar ravishda insoniylik yo‘liga boshlaydi..."
69eb3f06e7ae26e03e9da01d,Yo'qotilgan timsol,yoqotilgan-timsol,,,,Miraziz Mirsobitov,2026,uz,cyrillic,hardcover,A5,688,0,978-9910-257-06-3,90000,0,0,False,,5,0,168,32,0,True,False,False,False,simple,old,single,Badiiy adabiyotlar; Jahon adabiyoti; Fantastika; Sarguzasht,Yo'qotilgan timsol; Йўқотилган тимсол; Den Braun; Ден Браун,img/img-file-4a1b423d3042bbc353e92be316b6dad0.jpg,"Afsonaviy ""Da Vinchi siri"" asari muallifining qo'lingizdagi mazkur kitobida voqealar zanjiri, ya'ni Robert Lengdonning sarguzashtlari davom etadi. Bu safar u dunyoni o'zgartirishga qodir bo'lgan odamlarning eng buyuk sirini yechishi talab etiladi. Aziz kitobxon! Taqdim etilayotgan kitob orqali endi siz bilan asrlar davomida saqlangan sirlar, jumboqli belgilar va ramzlar... va o'tmish labirintlari bo'ylab o'ta xavfli sayohatga otlanamiz."
69eb04d4e7ae26e03e9d9517,Iblisnoma,iblisnoma,,,,"Dilfuza Sobirova, Dilorom Abdurahmon, Qodir Mirmuhammedov, Dostonjon Tojiyev",2026,uz,latin,hardcover,A5,160,0,978-9910-601-60-6,28000,0,0,False,,5,0,238,1844,0,True,False,False,False,simple,old,single,Badiiy adabiyotlar; Jahon adabiyoti,Иблиснома; Iblisnoma,img/img-file-ec8c281ae067d32606c4ed900ae87fed.jpg,"Mazkur asar rus adabiyotining yirik namoyandasi Mixail Bulgakov qalamiga mansub satirik-fantastik qissa bo‘lib, unda byurokratik tizim, ma’muriy tartibsizlik va inson ruhiy holatining izdan chiqishi o‘tkir kinoya hamda grotesk uslubda tasvirlangan. Asarda oddiy xizmatchi Korotkov boshidan kechirgan g‘ayrioddiy voqealar orqali totalitar tuzumning absurd jihatlari, shaxsiylikning yo‘qolishi va insonning tizim ichida ojiz qolishi badiiy ifoda etiladi. Muallif real voqelik bilan fantaziyani uyg‘unlashtirib, jamiyatdagi ma’naviy tanazzulni ochib beradi. Asar keng kitobxonlar ommasi, ayniqsa badiiy adabiyot ixlosmandlari va XX asr rus adabiyotiga qiziquvchilar uchun mo‘ljallangan."
69eb037fe7ae26e03e9d948f,Yashik odam,yashik-odam-1,,,,Sulaymon Rahmon,2026,uz,latin,hardcover,A5,208,0,978-9910-601-40-8,32000,0,0,False,,5,0,158,2145,0,True,False,False,False,simple,old,single,Badiiy adabiyotlar; Jahon adabiyoti,Yashik odam; Яшик одам,img/img-file-4100d9d2b5fd9dda20d5d40e3636e527.jpg,"Kobo Abening ""Yashik-odam"" asari zamonaviy insonning begonalashuvi, shaxsiyatning yemirilishi va jamiyatdan ixtiyoriy chekinishi muammolarini ramziy-falsafiy yo‘sinda yoritadi. ""Quti"" obrazida inson o‘zini tashqi olamdan ajratib, erkinlik va yolg‘izlik orasida qoladi, “yashik-odam"" esa begonalikning yanada g‘ayritabiiy, absurd shaklini ifodalaydi. Asar inson ""men""ining chegaralari, ijtimoiy niqob va ichki bo‘shliq haqida o‘tkir savollar qo‘yadi. Asarning asosiy g‘oyasi ziddiyatlarni ko’rsatish orqali jamiyatning inson shaxsiga dushmanligini badiiy tadqiq etishdan iborat. Romandagi yetakchi g‘oyalardan yana biri insonni yolg‘izlik va mahdudlikdan go‘zal hayotgina qutqarishi mumkinligini ko‘rsatishdir. Kitob o‘quvchini ekzistensial tafakkur, zamonaviy ong inqirozi va o‘zlikni anglash masalasida chuqur mulohazaga undaydi."
69eaf944e7ae26e03e9d931a,Muvaffaqiyat badali,muvaffaqiyat-badali,,,,Azizova Shodiya O'tkir qizi,2026,uz,cyrillic,paper,A5,192,0,978-99108641-5-5,35000,0,0,False,,5,0,62,32,0,True,False,False,False,simple,old,single,Psixologiya; Biznes adabiyotlar; Nobadiiy,Muvaffaqiyat badali; Муваффақият бадали,img/img-file-c05d26ed3285e07bbb011f92ad62b093.jpg,"Orzu-maqsadlarga yetmoq osonmi? Yo‘q, oson emas! Avvalo, inson o‘z oldiga qanday maqsad qo‘yishni bilishi lozim. Ana shundan keyingina maqsad sari olg‘a borib, muvaffaqiyat qozonish uchun sa’y-harakat qilsa arziydi. Albatta, darrov yutuqqa erishaman, marraga yetaman deb o‘ylamang. Chunki har yutuqning badali bo‘ladi. Ushbu kitobda buning qanday badal ekani, uni qanday to‘lash mumkinligi borasida so‘z yuritiladi. Kitobdagi ilhomlantiruvchi fikrlar va hayotiy misollar orqali o‘quvchi inson o‘z salohiyatini qanday kashf qilishi, maqsad sari qanday qadam tashlashi kerakligini anglaydi. Ushbu kitob ulkan orzulari bo‘lgan, maqsadi sari ishonch bilan qadam tashlashni istovchilar uchun chinakam ilhom manbayi bo‘la oladi."
69ea00c0e7ae26e03e9d8b03,Bu mening Robbim,bu-mening-robbim,,,,"Abdulhay Muhammad Fozil, Sohibjon Jo'rayev",2026,uz,cyrillic,paper,A5,164,0,978-9910-8576-5-2,40000,0,0,False,,5,0,70,55,0,True,False,False,False,simple,old,single,Diniy adabiyotlar,Bu mening Robbim; Бу менинг Роббим,img/img-file-f0a1d8649fd7e58ea27a43763bf256b8.jpg,"Yaqinlariga qanday kitob sovg'a qilishni bilmay turgan, kitoblarni o'qib, unda onasining, do'stining yoki biror yaqinining hayotiga turtki bo'ladigan ma'lumotlarni topa olmayotgan azizim, bu kitob aynan siz uchundir!"
69e9ff10e7ae26e03e9d8a71,"Hamma yuz o'girsa-da, Alloh sizning egangizdir",hamma-yuz-ogirsada-alloh-sizning-egangizdir,,,,Oybek Xaydarov,,uz,cyrillic,paper,A5,224,0,978-9910-8387-1-2,38000,0,0,False,,5,0,40,44,0,True,False,False,False,simple,old,single,Diniy adabiyotlar,"Ҳамма юз ўгирса-да, Аллоҳ сизнинг эгангиздир; Аллоҳ сизнинг эгангиздир; Hamma yuz o'girsa-da, Alloh sizning egangizdir; Alloh sizning egangizdir",img/img-file-b2de89abbf7412f1320e75063edbe4f2.jpg,"Qo‘lingizdagi ushbu kitob, aslida, bir kalit. Ushbu kalit ila “menlik” eshigini lang ochib, uning bepoyon kengliklarida sayr qilasiz va bu sayr aro shoxtomiringizdan xam yakinroq bo‘lgan Allohga yetishishingizga ko‘maklashuvchi bir qo‘llanma vazifasini o‘taydi.. Bu asar ikkita asosiy mavzuni o‘z ichiga oladi, shuningdek, u ikki alohida kitob xususiyatiga ega bo‘lib, qisqa va lo‘nda uslubda yozilgan. Undagi birinchi mavzu: Allohga yaqinlashish. Ikkinchi mavzu: banda hayotda duch keladigan adolatsizliklar, kasalliklar, qisqasi, imtihonlar qarshisida o‘zini egasiz va yolg‘iz his qilmasligi uchun nimalar qilishi kerakligi haqida. Chunki Alloh bandasiga sohib chiquvchidir; U bandasining barcha muammolarini hal qiladi. Lekin Allox bandasiga to‘liq egalik, ya’ni g‘amxo‘rlik qilishi uchun, banda avval o‘zi yopishib olgan hamma narsani qo‘yib yuborishi kerak. Unutma! Sen nimalargadir egalik qilishdan voz kechgan lahzada, Alloh senga egalik qilishni boshlaydi. Jamiki hikmat mana shunda..."
69e9f94ae7ae26e03e9d8897,Taqvo ahlining go'zal qissalari,taqvo-ahlining-gozal-qissalari,,,,,2026,uz,cyrillic,hardcover,A5,408,0,978-9943-8225-3-5,65000,0,0,False,,5,0,30,36,0,True,False,False,False,simple,old,single,Diniy adabiyotlar,Taqvo ahlining go'zal qissalari; Taqvo; Taqvo ahli; Тақво аҳлининг гўзал қиссалари; Тақво аҳли; Тақво,img/img-file-8c6aba5b07083f3e6487358919267b11.jpg,"Qo‘lingizdagi ushbu kitobda taqvo sohibi bo‘lgan, o‘ta qiyin, o‘zi muxtoj, shayton vasvasa qilib turgan lahzalarda ham nafsini tiygan, tiya olgan, Alloh taoloning inoyati bilan gunohdan saqlangan, yomonlikka qo‘l urmagan barchaga namuna bo‘lgan zotlar, ularning hayot yo‘llari nafs bilan kurashish holatlari bayon qilingan. Shuningdek, nafsining kuyiga kirgan, Robbini unutgan, o‘zini tiya olmasdan uyatga qolgan ba’zi insonlar hayotidagi voqealar ham eslatma uchun keltirilgan. Qissalar so‘nggida ulardan olinadigan ibratlar ham berilgan."
69e9f75fe7ae26e03e9d8802,Er-xotinga nasihat,erxotinga-nasihat-1,,,,"G'iyosiddin Habibulloh, Komronbek Islom",2026,uz,cyrillic,paper,A5,704,0,978-9910-8188-4-4,120000,0,0,False,,5,0,104,66,0,True,False,False,False,simple,old,single,Diniy adabiyotlar; Oila uchun,Er-xotinga nasihat; Эр-хотинга насиҳат; Эр хотинга насиҳат; Er xotinga nasihat,img/img-file-3b0ecd33b64714088c02c086a93f079e.jpg,"Oila — jamiyatning asosi, ko‘ngilning xotirjamligi va ikki dunyo baxtining kalitidir. Ushbu asar islomiy oila odoblarini o‘rganishda har bir xonadon uchun eng zarur qo‘llanmalardan biri hisoblanadi. Asar shunchaki nasihatlar to‘plami emas, balki er va xotin o‘rtasidagi munosabatlarni muqaddas dinimiz mezonlari asosida tartibga soluvchi yo‘riqnomadir. ​Kitob quruq nazariyadan yiroq bo‘lib, Qur’oni Karim oyatlari va Payg‘ambarimiz (s.a.v.)ning muborak hadislari bilan boyitilgan. Undagi har bir tavsiya hayotiy va amaliy xarakterga ega bo‘lib, o‘quvchiga tushunarli tilda bayon etilgan."
69e9f222e7ae26e03e9d8653,Muvaffaqiyatli erkak/ayol bo'lish uchun 100 tavsiya,muvaffaqiyatli-erkakayol-bolish-uchun-100-tavsiya,,,,"Z.Begmatov, Y.Isroil o'g'li",2026,uz,cyrillic,hardcover,A5,880,0,978-9910-9310-8-6,205000,0,0,False,,5,0,58,4,0,True,False,False,False,simple,old,single,Oila uchun; Shaxsiy rivojlanish uchun adabiyotlar,Муваффақиятли эркак/аёл бўлиш учун 100 тавсия; Муваффақиятли эркак бўлиш учун 100 тавсия; Муваффақиятли аёл бўлиш учун 100 тавсия; Muvaffaqiyatli erkak/ayol bo'lish uchun 100 tavsiya; Muvaffaqiyatli erkak bo'lish uchun 100 tavsiya; Muvaffaqiyatli ayol bo'lish uchun 100 tavsiya,img/img-file-7c589e907c1fd15ae97f4b5f77b33958.jpg,"Ushbu kitob nikohda baxtli va muvaffaqiyatli hayot kechirishni istagan ayollar va erkaklar uchun tub qadriyatlar, amaliy tavsiyalar va ruhiy yo‘l-yo‘riqlar beradigan manbadir. Muallif kitobda har bir tavsiyani sodda, tushunarli va hayotda qo‘llashga oson uslubda bayon etadi. Shu orqali o‘quvchini oilaga hurmat va muhabbat ko‘rsatishga sabr-toqatli bulishga undaydi. Bu asarda berilgan har bir usul oilaviy hayot uchun ruhiy asoslarni mustahkamlaydi. Er-xotin munosabatlarini yaxshilash, ular o‘rtasidagi samimiylikni saqlash va oilada osoyishta muhit yaratish bo‘yicha aniq tavsiyalar beradi. Kitobni o‘qish orqali o‘quvchi nikoh munosabatlaridagi oddiy, lekin muhim qoidalarni anglaydi, o‘zini va turmush o‘rtog‘ini yaxshi tushunish, ehtirom qilish yo‘llarini o‘rganadi."
69e873efcb64ef8961ca9d04,Jannat bo'stonidagi oilaviy oqshomlar,jannat-bostonidagi-oilaviy-oqshomlar,,,,"G'iyosiddin Habibulloh, Ilhom Oxund, Abdulbosit Abdulvohid",2026,uz,cyrillic,paper,A5,592,0,978-9910-5022-9-3,110000,0,0,False,,5,0,284,22,0,True,False,False,False,simple,old,single,Diniy adabiyotlar; Oila uchun,Жаннат бўстонидаги оилавий оқшомлар; Жаннат; Jannat bo'stonidagi oilaviy oqshomlar; Jannat; Oila,img/img-file-2d0f4c800325743624092a885eae5dc9.jpg,"Oilalarimizga mehr-muhabbatga to'la, maroqli suhbatlar bilan o'tadigan saharlarni xohlaymiz. Oila a'zolari o'z tuyg'u, kechinmalarini bir-birlari bilan o'rtoqlashsalar, kitob mutolaa qilsalar, butun oila, hech bo'lmasa, birontalari bir necha daqiqalarga bir davrada birlashsalar, farzandlari, aka-ukalari, opa-singillari bilan dildan suhbatlashsalar, naqadar go'zal tun bo'lar edi. Oqshomingizni jannat oqshomlariga aylantiring. Zero, ilm davralari, zikr halqalari hadislarda kelganidek, jannat bog'laridan bir bog'dir. Farzandlaringizdan biri ushbu kitobning ikki betining xulosasini boshqalarga gapirib bersa, osuda oilaviy suhbat uchun kalit o'rnida bo'ladi."
69e8583801773d718aa73167,Men Yusuf,men-yusuf,,,,Husan Xidirboyev,2026,uz,cyrillic,paper,A5,496,0,978-9910-8324-1-3,92000,0,0,False,,5,0,92,34,0,True,False,False,False,simple,old,single,Diniy adabiyotlar,Men Yusuf; Мен Юсуф; Юсуф; Yusuf; Ayman Attum,img/img-file-2041bd3b490743d9b66e91b5c2ba0575.jpg,"«Men Yusuf» Qur’onning eng go‘zal qissalaridan biri Yusuf alayhissalom qissasining badiiy talqini bo‘lib, o‘quvchini ushbu qissa ortida yashiringan go‘zal hikmatlar bilan yuzlashtiradi. Asar davomida bir qator savollar o‘rtaga tashlanadi: Yusuf alayhissalom quduqda kechirgan tunlarida nima his qildi? Aka-ukalarining hasadini qanday qabul qildi? Misrga qul qilib olib ketilganida bu holatga qanday munosabatda bo‘ldi? Zulayho fitnasi qarshisida o‘zini qanday tutdi? Mahkumlikda o‘tgan yillar Yusuf alayhissalomni qanday tarbiyaladi? Ya’qub alayhissalom og‘ir hijronga qanday sabr qildi? Uzoq yillardan keyingi uchrashuv Yusuf alayhissalom, otasi va aka-ukalari uchun qanday kechdi?"
69e855a301773d718aa73094,So'nggi don,songgi-don,,,,Fathulla Namozov,2026,uz,cyrillic,paper,A5,656,0,978-9943-6421-6-4,78000,0,0,False,,5,0,84,43,0,True,False,False,False,simple,old,single,Jahon adabiyoti,Сўнгги дон; So'nggi don; Mario Pyuzo; Cho'qintirgan ota,img/img-file-7e3ce8b4547c2a6850d3f2a8ab5fe488.jpg,"Mario Pyuzoning nomi ko‘pchilikka yaxshi tanish. U dunyo miqyosida mashxur «Cho‘qintirgan ota» romanining muallifi hisoblanadi va Pyuzo «So‘nggi don» kitobida aynan o‘sha sulola haqida, ammo o‘ttiz yil keyingi kechmishlar xususida hikoya qiladi. Keksa don o‘z avlodiga qonunga itoatkor boylarning baxtli taqdirini baxshida etishni o‘ylagan edi. Biroq o‘ttiz yillik voqealar birdan qonli aks-sado berib, ziddiyatlar kelib chiqadi. Vaziyat qaltis tus oladi va buni faqat don bartaraf etishi mumkin. Lekin qay tarzda: qon to‘kibmi yoki tinch yo‘l bilanmi? Bu butun boshli xonadonning xuni, axir.. Sevgi-muhabbatning fojiali intihosi, dushmanlar nizosi daxshatli muhoraba, qonli intiqom, pul va mol-dunyo vasvasasi uzoq yillik adovatga olib keladi. Hammasiga o‘ylanmay qilingan mudhish xato sabab bo‘ladi."
69e8525b01773d718aa72f82,"Sog'lom, odobli va baxtiyor qiz farzand tarbiyalash",soglom-odobli-va-baxtiyor-qiz-farzand-tarbiyalash,,,,Z.Hayitova,2026,uz,latin,paper,A5,160,0,978-9910-8480-3-2,40000,0,0,False,,5,0,50,61,0,True,False,False,False,simple,old,single,Bola tarbiyasiga oid kitoblar,"Sog'lom, odobli va baxtiyor qiz farzand tarbiyalash; Соғлом, одобли ва бахтиёр қиз фарзанд тарбиялаш; қиз фарзанд тарбиялаш; qiz farzand tarbiyalash",img/img-file-e32f1d0745274c56af04a017baa88905.jpg,"Qiz bolani uning tabiati va ruhiyatiga mos holda tarbiyalash san’ati, qizlarning his-tuyg‘ularini tushunish va ularga hamroh bo‘lishning muhim mezonlari, o‘smirlik davrida yuz beradigan jismoniy va ruhiy o‘zgarishlarga nisbatan to‘g‘ri munosabat ushbu kitobning bosh mavzusidir. Bu asar texnologiyadan ongli foydalana oladigan, o‘zini qadrlaydigan, ichki ovozini tinglay biladigan, hayot bilan mustahkan bog’lana oladigan qiz farzandni voyaga yetkazishning yo‘l xaritasini taqdim etadi. Kitob sahifalari orqali bu bilim va tajribalar asta-sekin uyingizga, oilangizga kirib boradi. Qizlarimizni sog‘lom, odobli va baxtiyor qilib tarbiyalashning barcha nozik jihatlari ushbu kitobda nafosat bilan tizilgan. Bu yerda so‘zlar kashtadek nafis, jumlalar momiqdek yengil, tavsiyalar esa yurakka o‘yilgan naqsh kabidir. Qizlarimizning ko‘ngil sepini ota- onalarning mehrli va to‘g‘ri qadamlari bilan to‘ldiraylik."
69e8501301773d718aa72eaf,Qizil bog'ichli maktublar,qizil-bogichli-maktublar,,,,,2026,uz,latin,paper,A5,256,0,978-9910-601-45-3,30000,0,0,False,,5,0,104,1415,0,True,False,False,False,simple,old,single,Badiiy adabiyotlar,Qizil bog'ichli maktublar; Қизил боғичли мактублар; Gulbahor Qobul,img/img-file-f4aee259b441cd59fc941d81e38bedd9.jpg,"Ushbu asar inson qalbining eng nozik qatlamlariga murojaat qiluvchi, hayot haqiqatlarini sodda, ammo ta'sirchan uslubda ochib beruvchi qissalar va hikoyalar to'plami. Asarda ona va bola, er-xotin, muhabbat va sabr, umid va yo'qotish, vijdon va sukut kabi mavzular markazga qo'yilgan. Har bir hikoya o'quvchini o'yga soladi, qalbda savol qoldiradi, ba'zan esa jim yig'latadi. Muallif oddiy hayotiy voqealar orqali katta ma'naviy xulosalar chiqaradi, inson ruhiyatida kechadigan ichki kurashlarni ishonarli va ta'sirli tasvirlaydi. Bu kitob - shoshilmay o'qiladigan, o'qib bo'lgach esa insonni o'z-o'zi bilan suhbatga chorlaydigan asarlar jamlanmasi. Bu hayotni his qilishni, insonni tushunishni va qalb bilan o'qishni istagan har bir kitobxon uchun mo'ljallangan."
69e7661a01773d718aa726a6,Maqsad qudrati,maqsad-qudrati,,,,Zulfiya Safarova,,uz,latin,hardcover,A5,160,0,978-9910-09-244-2,50000,0,0,False,,5,0,64,25,0,True,False,False,False,simple,old,single,Psixologiya; Shaxsiy rivojlanish uchun adabiyotlar,Maqsad qudrati; Мақсад қудрати,img/img-file-1740aea1fcfcc250d69c75de71ff0bee.jpg,"Ushbu asar ingliz tilida ""The Power of Purpose"" asarining o'zbekcha tarjimasi bo'lib, u, asosan, shaxsiy o'sish, motivatsiya, ilhomlantirish, va ruhiyatni rivojlantirishga qaratilgan. Asar o'zini anglash, hayotdagi maqsadni topish, va ma'naviy qoniqishni izlash yo'lidagi amaliy qo'llanma sifatida yozilgan."
69e7646301773d718aa72626,Oq libosli ayol,oq-libosli-ayol,,,,M.Axmedova,2026,uz,cyrillic,paper,A5,576,0,978-9910-8043-1-1,78000,0,0,False,,5,0,104,18,0,True,False,False,False,simple,old,single,Badiiy adabiyotlar; Jahon adabiyoti,Оқ либосли аёл; Oq libosli ayol,img/img-file-a70137818b833e81a0f55d6d78dc0b6f.jpg,"Bu ayol saboti va erkak zotining nimalarga erishishi mumkinligi haqidagi hikoya. Go‘yoki shu so‘zlar bilan butun boshli kitob mazmunini anglatadi. Asarni o‘qir ekansiz, haqiqatan nozik hilqat ayolning saboti va uni qattiq sevgan, hurmat qilgan erkak jasorati, zakosiga duch kelasiz. Hamma zamonlarda bo‘lganidek, pul, obro‘, hashamatli hayot uchun o‘zgalarning umrini, ko‘nglini, orzu-havaslarini oyoqlari ostida toptaydigan insonlarning manfur yuzini ko‘rish mumkin. Asarda yana shunday bir g‘oyaning isbotini ko‘rish mumkin - inson qanchalik iste’dodli, idrokli, ayyor bo‘lmasin taqdir hukmidan qochib qutila olmaydi. Niyatiga yarashasini oladi."
69e761f101773d718aa7238f,O'smir yigitning ulg'ayish yo'li,osmir-yigitning-ulgayish-yoli,,,,Z.Haydarov,2026,uz,latin,paper,A5,112,0,978-9910-8546-1-3,33000,0,0,False,,5,0,22,34,0,True,False,False,False,simple,old,single,O'smirlar uchun,O'smir yigitning ulg'ayish yo'li; o'smir yigit,img/img-file-cfc24d2044a113c03f52576d9c6f9b5b.jpg,"Qadrli o'smir yigit, bu kitob senga o'smirlik davrida duch keladigan jismoniy, ruhiy va ijtimoiy o'zgarishlarni sodda va samimiy tushuntiradi. Kitobdagi foydali maslahatlar va ruhiy qo'llab-quvvatlash senga ham ishonch bilan oldingga qadam tashlashga yordam beradi."
69e75f8b01773d718aa7228e,O'smir qizning ulg'ayish yo'li,osmir-qizning-ulgayish-yoli,,,,S.Askarova,2026,uz,latin,paper,A5,112,0,978-9910-8546-2-0,33000,0,0,False,,5,0,40,23,0,True,False,False,False,simple,old,single,O'smirlar uchun,O'smir qizning ulg'ayish yo'li; Ўсмир қизнинг улғайиш йўли; O'smir qiz; Ўсмир қиз,img/img-file-32b5eafb68d9bc9a13c627739b7a46f5.jpg,"Qadrli o'smir qiz, bu kitob senga o'smirlik davrida duch keladigan jismoniy, ruhiy va ijtimoiy o'zgarishlarni sodda va samimiy tushuntiradi. Kitobdagi foydali maslahatlar va ruhiy qo'llab-quvvatlash senga ham ishonch bilan oldingga qadam tashlashga yordam beradi."
69e75dca01773d718aa721d8,Geografiya mahkumlari,geografiya-mahkumlari,,,,"Obidjon Abdurahmonov, Sardor Rahimov",2026,uz,latin,paper,A5,528,0,978-9910-8329-8-7,95000,0,0,False,,5,0,170,38,0,True,False,False,False,simple,old,single,Ilmiy-ommabop; Siyosiy adabiyotlar; Nobadiiy,География маҳкумлари; География; Geografiya mahkumlari; geografiya,img/img-file-eddfd39f9f4e95a817ee750393801a3b.jpg,"Geosiyosat endi nafaqat o'z ahamiyatiga ko'ra, balki boshqa dolzarb muammolarni hal qila olishimizni belgilaydigan omil sifatida ham muhim ahamiyat kasb etmoqda. Bu jiddiy o'ylantiradigan manzara. ""Geografiya mahkumlari"" nomli kitob aynan shu manzarani tasvirlaydi. (Lord Mark Sedvill)"
69e75bb201773d718aa72137,Miya quvvati,miya-quvvati,,,,Gulnoz Mamarasulova,2026,uz,latin,paper,A5,192,0,978-9910-8285-0-8,75000,0,0,False,,5,0,56,33,0,True,False,False,False,simple,old,single,Psixologiya; Shaxsiy rivojlanish uchun adabiyotlar,Мия қуввати; miya quvvati,img/img-file-45756e56b333454715d03e567a5952aa.jpg,"Miya sizning eng katta boyligingiz. Uni qanday ishlatyapsiz? Zamonaviy dunyoda muvaffaqiyat faqat bilim bilan emas, balki fikrlash tezligi, diqqatni jamlash va qaror qabul qilish qobiliyati bilan belgilanadi. ""Miya quvvati"" kitobi sizni aynan shu imkoniyatlarni ochishga chorlaydi. Ushbu kitobda inson miyasining ishlash mexanizmlarini sodda va ilmiy asosda tushuntirib, uni kuchaytirishning amaliy yo'llarini taklif etadi."
69e7597301773d718aa72021,Temur. Yuksalish va hukmronlik yo'li,temur-yuksalish-va-hukmronlik-yoli,,,,A'zam Obid,2026,uz,latin,hardcover,A5,384,0,978-9910-8473-3-2,115000,0,0,False,,5,0,60,43,0,True,False,False,False,simple,old,single,Biografik va memuar; Tarixiy,Темур. Юксалиш ва ҳукмронлик йўли; Темур; Amir Temur; Temur; Temur. Yuksalish va hukmronlik yo'li,img/img-file-1eebe1df1963c042f2193054d748ba06.jpg,"Asarda Chag'atoy ulusida tarqoq va o'zaro nizolarga moyil qabilalar ustidan markazlashgan hokimiyatning qaror topishi, ulkan imperiyaga asos solinish jarayonlari, dasht va o'troq aholi qatlamlarining mohirona boshqarilishi hamda Amir Temur vafotidan so'ng Temuriylar saltanatining parchalanish jarayonlari ilmiy asosda yoritilgan."
69e74f3f01773d718aa71a10,Sotilayotgan kasalliklar,sotilayotgan-kasalliklar,,,,Nilufar Javlon qizi,2026,uz,cyrillic,paper,A5,288,0,978-9910-8219-3-6,75000,0,0,False,,5,0,94,2,0,True,False,False,False,simple,old,single,Psixologiya; Salomatlik va tabobat,Sotilayotgan kasalliklar; Сотилаётган касалликлар; касалликлар; kasalliklar,img/img-file-c6c133c27507f39dafc29b7dbd4b8d2e.jpg,"Bu kitobda kasallik o‘ylab topib, bu uydirmalarni hammaga qay tarzda pullanayotgani haqida o‘qiysiz. Milliard dollarlar evaziga nojo‘ya ta’sirlari ko‘p bo‘lgan kimyoviy vositalarni qanday qilib to‘qima xastaliklar davosi sifatida talqin qilinganiga guvoh bo‘lasiz-u o‘zingizdan so‘raysiz: «Ajabo, men ham farmsanoat o‘ljasiga aylanganmanmi?» Hayotning shirin tashvishlarini boshdan kechiryapsizmi tashxis aniq: sizda psixiatrik kasallik bor. Farzandingizda o‘smirlik davrida yuz beradigan tabiiy o‘zgarishlar kuzatilyaptimi? Farmsanoat fikriga ko‘ra, bular — davolanishi kerak bo‘lgan xastaliklar. Insonni o‘z joniga qasd qilishga undaydigan, salbiy ta’sirlarga ega dorilardan umr bo‘yi foydalanishga undash... Ro‘yxat uzun... O‘qigan sari hayratingiz oshib, g‘azablanasiz. Dori sanoatining mahorat bilan qo‘ygan tuzoqlarini, kasallik o‘ylab topib, boyib ketayotganlarni yaqindan tanib olasiz. Beixtiyor: «Inson xayoti bunchalik o‘yinchoq qilinmasa kerak», deysiz."
69e74ca001773d718aa718e6,Tanlov,tanlov-1,,,,Ahrorjon Rahmonov,2026,uz,latin,paper,A5,272,0,978-9910-8465-8-8,60000,0,0,False,,5,0,46,68,0,True,False,False,False,simple,old,single,Badiiy adabiyotlar; Jahon adabiyoti,tanlov; Танлов,img/img-file-4d26f6a15679613e846c51f47aadf46c.jpg,"Edit Eva Eger yoshligida oilasi bilan birga Aushvits lageriga jo‘natilgan. U yerda uning ota-onasi gaz kameralarida halok bo‘ladi, Edit esa singlisi bilan birga o‘lim lagerlarining barcha dahshatlarini boshidan kechiradi. Urush tugaganidan 35 yil o‘tib, mashhur psixologga aylangach, Edit o‘tmish xotiralari va omon qolganlik aybidan xalos bo‘lish uchun Aushvitsga yana qaytadi. Bu kitob - Holokostdan omon qolgan insonning oddiy xotiralari emas. U qahramonlik, matonat, rahm-shafqat va ichki shifo haqidagi unutilmas tarixiy lavhalardir. Asar shuni ko‘rsatadiki, biz har doim hayot bizga nimani o‘rgatayotganini va ro‘y berayotgan voqealarga qanday munosabatda bo‘lishni tanlash imkoniga egamiz."
69e74b0001773d718aa717e7,Yetakchilik,yetakchilik,,,,S.A.Botirova,2026,uz,latin,hardcover,A5,247,0,978-9910-09-661-7,109000,0,0,False,,5,0,60,31,0,True,False,False,False,simple,old,single,Ilmiy-ommabop; Psixologiya; Biznes adabiyotlar; Nobadiiy,Yetakchilik; Етакчилик; liderlik; harvard; garvard,img/img-file-224981068b70d09972bba11f8fbfa575.jpg,"""HBR: Yetakchilik"" kitobi - bu Harvard Business Review nashrining eng sara va klassik g‘oyalari, amaliy maslahatlari hamda muhim qarashlarini o‘z ichiga olgan to‘plamdir. Ushbu kitob rahbarlarga doimiy o‘zgarib turuvchi dunyoda dadil qarorlar qabul qilish va boshqalarni ilhomlantirishga yordam beradi. To‘plamda yetakchilikning turli jihatlari, jumladan, ishonchni mustahkamlash, hissiy intellekt korporativ madaniyatni boshqarish va yangi texnologiyalar bilan ishlash kabi mavzular chuqur tahlil qilingan. Ushbu asar yetakchilikni shunchaki shaxsiy fazilat emas, balki boshqalarning imkoniyatlarini to‘liq yuzaga chigarish uchun sharoit yaratish san’ati sifatida taqdim etadi. Kitob nafaqat tajribali rahbarlar, balki endigina boshqaruvga qadam qo‘yayotgan mutaxassislar uchun ham o‘z ustida ishlash va jamoan yuksaltirishda bebaho qo‘llanma bo‘lib xizmat qiladi."
69e7498701773d718aa7173b,Kadrlarni boshqarish,kadrlarni-boshqarish,,,,S.Erkinov,2026,uz,latin,hardcover,A5,296,0,978-9910-09-676-1,109000,0,0,False,,5,0,56,21,0,True,False,False,False,simple,old,single,Ilmiy-ommabop; Psixologiya; Biznes adabiyotlar; Nobadiiy,Kadrlarni boshqarish; Кадрларни бошқариш; Harvard; Garvard,img/img-file-ff37f451b7e19a0682657a1b7b93be41.jpg,"""HBR: Kadrlarni boshqarish"" kitobi Harvard Business Review nashrining eng sara maqolalaridan iborat to‘plam bo‘lib, u rahbarlar uchun kadrlarni boshqarish bo‘yicha fundamental g‘oyalar va amaliy maslahatlarni taqdim etadi. Ushbu kitob hissiy intellekt, yangi texnologiyalar va o‘zgaruvchan dunyoda yetakchilik kabi mavzularni qamrab olgan holda, har qanday rahbarga dadil qarorlar qabul qilish va boshqalarni ruhlantirishda yordam berishga qaratilgan. Kitobning asosiy maqsadi - menejerlarga o‘z faoliyatida samarali uslublarni qo‘llash orqali jamoa muhiti va biznes natijalarini yaxshilash imkonin berishdir. To‘plamda global jamoalarni boshqarish, jamoaviy nizolarni hal qilish bo‘yicha qimmatli tushunchalar berilgan. Kitob menejerlar uchun o‘z ustida ishlashni to‘xtatmaslik bo‘yicha muhim yo‘riqnoma bo‘lib xizmat qiladi. Kitob rahbarlarga uchta muhim yo‘nalishda: o‘zini boshqarish, o‘z aloqa tarmog’ini boshqarish va jamoani boshqarishda samarali bo‘lish strategiyalarini o‘rgatadi."
69e7482601773d718aa716c8,Strategiya,strategiya,,,,"S.Erkinov, I.Yo'ldosheva",2026,uz,latin,hardcover,A5,296,0,978-9910-09-680-8,109000,0,0,False,,5,0,50,25,0,True,False,False,False,simple,old,single,Ilmiy-ommabop; Biznes adabiyotlar; Iqtisodiyot va Moliyaga oid adabiyotlar; Nobadiiy,Strategiya; Стратегия; Harvard; Garvard,img/img-file-735866dd23b08dc60b2be0d2413ce5ef.jpg,"""HBR: Strategiya"" kitobi Harvard Business Review nashrining eng sara g‘oyalari, amaliy maslahatlari va strategik fikrlash boryicha eng muhim maqolalarini jamlagan to‘plam sanaladi. Ushbu kitob rahbarlarga doimiy o‘zgarib turuvchi dunyoda dadil qarorlar qabul qilish va boshqalarni ruhlantirish uchun zarur bo‘lgan bilim va ko‘nikmalarni o‘rgatadi. Kitobning amaliy ahamiyati shundaki, strategik rejalashtirish va amalga oshirish o‘rtasidagi bog‘liqlikni ko‘rsatib beradi Ko‘plab kompaniyalar o‘z strategiyalarining faqat bir qismini moliyaviy natijaga aylantira olishini hisobga olsak, ushbu qo‘llanma reja va natija o‘rtasidagi tafovutni kamaytirishga yordam beradi. Strategik bashorat orqali kelajakdagi o‘zgarishlarni oldindan ko‘rish va tashkilotning uzoq muddatli barqarorligini ta’minlash yo‘llari kitobning yakuniy xulosalaridan biridir."
69e746a401773d718aa71643,Dyuna,dyuna-4,,,,Madina Abdullayeva,2025,uz,latin,hardcover,A5,664,0,978-9910-8470-0-4,180000,0,0,False,,5,0,206,29,0,True,False,False,False,simple,old,single,Badiiy adabiyotlar; Jahon adabiyoti; Fantastika,Dyuna; Дюна,img/img-file-9e9769cebce2f5f0e818e7d004295cf7.jpg,"Arrakis- Dyuna-Qumlik sayyorasi. Uzoq kelajak. Galaktik imperiya hukmronlik qilayotgan davr Koinotdagi eng bebaho boylik - melanj fagat bitta sayyorada, Arrakisdagina mavjud. Inson umrini uzaytiruvchi tafakkurini kengaytiruvchi ushbu ziravor yulduzlararo sayohat kalitidir. Bu esa melanj vatani Arrakisni hokimiyat uchun qonli kurashlar-u dahshatli fitnalar markaziga aylantiradi. Yosh Pol Atreydes mana shu ajal diyorida siyosiy xiyonatlarga dosh berishi, og‘ir sinovlardan o‘tib, tarixni o‘zgartiruvchi afsonaga aylanishi lozim. Herbert yosh Polning bu yo‘ldagi sarguzashtlarini falsafiy, ekologik va mistik mavzular bilan shu qadar mohirona uyg‘unlashtirganki, u yaratgan xayoliy olam haligacha inson tafakkurining eng yuksak cho‘qqisi bo‘lib qolmoqda."
69e73ccb01773d718aa71163,Uzrnoma,uzrnoma,,,,,2026,uz,cyrillic,paper,A5,152,0,978-9910-8232-6-8,46000,0,0,False,,5,0,210,38,0,True,False,False,False,simple,old,single,Badiiy adabiyotlar,Uzrnoma; Узрнома; Falastindagi bolalar; Falastin; Urush,img/img-file-e16e5ff18c57597e36bec12a89107a85.jpg,"Asar sizni urushning sovuq nafasi ufurib turgan mahzun, ammo ibratli dunyoga yetaklaydi. Bu yerda o'yinchoqlar o'rnini snaryad parchalari, ertaklar o'rnini esa omon qolish kurashi egallagan. Muallif har bir sahifada bir savolni beradi: ""Biz kelajak avlod oldida qanday mas'uliyatni his qilyapmiz?"". Rahm-shafqay va vijdon imtihonidan o'tishga tayyormisiz? Unda bu asar sizning javoningizda bo'lishi shart."
69e72c3601773d718aa70ff3,Men baxtli va sog'lom yashayman,men-baxtli-va-soglom-yashayman,,,,,2026,uz,cyrillic,paper,A5,224,0,978-9943-03-015-2,110000,0,0,False,,5,0,48,235,0,True,False,False,False,simple,old,single,Psixologiya,Dilfuza Haydarova; men baxtli va sog'lom yashayman; Мен бахтли ва соғлом яшайман; Мен бахтли яшайман; men baxtli yashayman,img/img-file-de6606d709a9c22cd597f96cca617148.jpg,"Ushbu kitob insonning ichki dunyosi, uning fikrlari, his-tuyg‘ulari va hayotimizga ta’sir qiluvchi xolatlar haqidadir. Xar kuni inson qo‘rquv, xavotir, xafalik, aybdorlik hissi, ichki ziddiyatlar va turli kechinmalar bilan to‘qnash keladi. Ko‘p hollarda aynan shu holatlar ruhiy azoblar, hayotdagi qiyinchiliklar va xatto jismoniy kasalliklarga sabab bo‘ladi. Biz ko‘pincha muammolarimizning sababini tashqi omillardan — sharoitlardan, odamlardan yoki taqdirdan izlaymiz. Ammo haqiqiy sabablar aksar hollarda o‘zimizda — fikrlarimizda, ishonchlarimizda, qo‘rquvlarimizda va hayotga bo‘lgan munosabatimizda yashirin bo‘ladi. Ushbu kitob insonga ana shu ichki jarayonlarni anglashga, ularning mohiyatini tushunishga va o‘z holatini boshqarishni o‘rganishga yordam beradi. Kitobda insonning turli ruhiy holatlari qo‘rquv, xavotir, xafalik, aybdorlik hissi va ichki zo‘riqishlarning hayot va salomatlikka ta’siri haqida so‘z yuritiladi."
69e7288a01773d718aa70e8e,Qirq,qirq,,,,Abdulqodir Abdurazzoq o'g'li,2026,uz,cyrillic,hardcover,A5,432,0,978-9910-8188-5-1,93000,0,0,False,,5,0,70,37,0,True,False,False,False,simple,old,single,Diniy adabiyotlar,qirq; Қирқ,img/img-file-6aab47febd1b3c622f5b66456e337dfb.jpg,"Ruhiy tiniqish, Alloh bilan bandasi o'rtasidagi aloqalarni yaxshilash uchun ba'zan yolg'iz qolish lozim. Tarixga nazar solinsa, payg'ambar, valiy, ulug' shaxslar hayotining ma'lum vaqtlarida o'zini anglash, tiniqish, ruhan hozir bo'lish va yuksalish uchun uzlatga chekinganini ko'rish mumkin. Har bir insonning o'z olamida uni qiyin vaziyatga soladigan turli ""boshog'riq""lari uchrab turadi. odatda ular psixologik yoki nafsiy kelishmovchilik oqibatida yuzaga keladi. Viruslar kompyuterning ishlashiga qanchalik zarar bersa, kishidagi ichki tortishuvlar ham hayotining bir maromda davom etishiga shunday to‘sqinlik qiladi. Kompyuterga tushgan viruslar tarqalib ildiz otsa, uni darxol o‘chirib, ya’ni faoliyatdan to‘xtatib, ta’mirlashga beriladi. Toki viruslardan to‘la tozalanmaguncha ustaxonada qoldiriladi. Ba’zan uni butkul qayta isloh qilishga to‘g‘ri kelishi ham mumkin... Inson ham vaqti-vaqti bilan faoliyatdan chetlanib, yolg‘iz qolishi, botiniga tushgan «virus»lardan tozalanishi, o‘zini isloh qilib olishi lozim."
69e7229a01773d718aa70cc4,Motam qatrasi,motam-qatrasi,,,,Javohir Osmon va Abror Masharipov,2026,uz,cyrillic,paper,A5,414,0,978-9910-8581-1-6,65000,0,0,False,,5,0,94,32,0,True,False,False,False,simple,old,single,Badiiy adabiyotlar; Detektiv adabiyotlar,Motam Qatrasi; Мотам қатраси; iskandar pala,img/img-file-f0812f3e117bfacf8d1e203bed9208a1.jpg,"Istanbul bog'lariga ko'rk bag'ishlagan rango-rang lolalar... Dovrug'i Ovro'pagacha yetgan, ta'rifi tillarda doston bo'lgan betakror chechaklar... O'xshashi yo'q lola orqali yorining qotilini topishga uringan yigit... Naxotki, bir kunlik kelinchakni o'z otasi o'ldirgan bo'lsa? Butun shaharni larzaga solgan daxshatli qotilliklarning ortida kimlar turibdi, ularning o'rtasida qanday bog'liqlik bor?... Poytaxtda bo'layotgan bu jinoyatlardan mamlakat hukmdori nahotki bexabar?... ""Motam qatrasini varaqlar ekansiz, sof muhabbat tarixi, jumboqlar va o'limlar, shohona hayot va mahzun ko'ngillar haqidagi hikoyalarga guvoh bo'lasiz. O'tmishga sayohat qilib, tiniq tuyg'ular va razil niyatlarning to'qnashuvini ezgulik va qabihlik o'rtasidagi azaliy kurashning davomini hayajon bilan kuzatasiz."
69e6183c01773d718aa6fc0a,1984 (Grafik roman),1984-grafik-roman,,,,,2025,uz,latin,paper,A5,224,0,978-9910-708-74-9,90000,0,0,False,,5,0,142,60,0,True,False,False,False,simple,old,single,Badiiy adabiyotlar; Jahon adabiyoti,1984; 1984 (График роман); grafik roman; 1984 grafik roman; jorj oruell; oruell,img/img-file-b52862d183f32290144616ce0ae9bc55.jpg,"Jorj Oruell tomonidan yozilgan ""1984"" romanining ushbu grafik talqini totalitar tuzumning shiddatli nazorat va inson erkinligining ayovsiz yemirilishini kuchli vizual obrazlar orqali ochib beradi. Asar voqealari Okeaniya davlati fuqarosi Uinston Smit hayoti atrofida quriladi - u haqiqatni soxtalashtirish va fikr erkinligini bo‘g‘uvchi Partiya hukmronligiga qarshi ichki norozilik bilan yashaydi. Kitob nafaqat siyosiy ogohlantirish, balki erkinlik, haqiqat va insoniylik uchun kurashning vizual darsligidir. Grafik-roman shaklidagi ""1984"" - barcha yoshdagi kitobxonlar uchun ajoyib tuhfa bo‘lishiga umid qilamiz."
69e6166801773d718aa6fb82,Turkiylarning xayoliy jonzotlari,turkiylarning-xayoliy-jonzotlari,,,,,2025,uz,latin,hardcover,A5,127,0,978-9910-708-50-3,40000,0,0,False,,5,0,302,1355,0,True,False,False,False,simple,old,single,Badiiy adabiyotlar; Fantastika,turkiylarning hayoliy jonzotlari; Туркийларнинг хаёлий жонзотлари; turkiylarning xayoliy jonzotlari,img/img-file-287680b8a4cd1b46fa23a049fb6fab67.jpg,"""Turkiylarning xayoliy jonzotlari"" adib Sherzod Komil Xalil tomonidan turli manbalar asosida yozilgan noyob bestiariylar jamlanmasi bo‘lib, u turkiy xalqlarning tasavvur olamida yashab kelgan 40 ta afsonaviy jonzotni o‘z ichiga qamrab oladi. Kitob har bir jonzotning kelib chiqishi, unga oid e’tiqodlar obrazdagi ramziy ma’nolar va xalq og‘zaki ijodida tutgan o‘rnini o‘ziga xos ilmiy-badiiy uslubda tasvirlaydi. Bu asar nafaqat mifologiyani sevuvchilar, balk tarix, madaniyat va san’at ixlosmandlari uchun ham katta qiziqish uyg’otishiga shubha yo‘q. Kitobning alohida ahamiyatli jihati, rassom Chori Shams tomonidan chizilgan betakror suratlardir. Har bir obrazga mos vizual tasvir kitobni yanada jozibali qiladi va o‘quvchini chuqurroq xayolot dunyosiga yetaklaydi. ""Turkiylarning xayoliy jonzotlari’"" unutilgan tasavvurlar xazinasi bilan bugungi avlodni bog‘laydigan noyob manba bo‘lib xizmat qilishidan umidvormiz."
69e5dd5f0fce2cbd4683291c,Baxt psixologiyasi,baxt-psixologiyasi-1,,,,Ruxsora Imomova,2026,uz,latin,paper,A5,192,0,978-9910-5061-0-9,28000,0,0,False,,5,0,76,2160,0,True,False,False,False,simple,old,single,Psixologiya,baxt; psixologiya; baxt psixologiyasi; Бахт психологияси; Бахт; психология; rejai yahyoo'g'li; yahyoo'g'li,img/img-file-ea0cb320e543b0526cee71ec6bed7306.jpg,"""Baxt psixologiyasi"" asari baxtni birzumlik hissiyot emas, balki inson idroki, hayotga munosabati va kundalik amaliyotlari bilan bog‘lig jarayon sifatida talqin qiladi. Kitobda baxtning subyektiv xususiyati, pozitiv psixologiyadagi o‘rni va inson ruhiyatiga ta’siri ilmiy manbalar asosida yoritilgan. Asarda Suqrot, Aristotel, Forobiy, Maslov, Erix Fromm kabi mutafakkirlar qarashlari zamonaviy psixologiya bilan uyg‘unlashtiriladi. Asar keng kitobxonlar uchun mo‘ljallangan bo‘lib, ichki qoniqish va barqaror hayot tarzini anglashga xizmat qiladi."
69e5d4f90fce2cbd46832799,Lotta Vaymarda,lotta-vaymarda-1,,,,Yanglish Egamova,2025,uz,latin,hardcover,A5,464,0,978-9910-708-51-0,48000,0,0,False,,5,0,122,1269,0,True,False,False,False,simple,old,single,Badiiy adabiyotlar; Jahon adabiyoti; Falsafa,lotta; Лотта Ваймарда; Лотта; Ваймарда; vaymarda; tomas mann; mann; tomas,img/img-file-d9bb14c3ba638e51413a211719aaa962.jpg,"Tomas Manning bu betakror romani o‘tgan hayot, abadiy xotira va daholik mohiyatiga bag‘ishlangan chuqur falsafiy asardir. ""Lotta Vaymarda"" - yoshlikdagi sevgi, vaqt o‘tkirligi va inson qalbidagi unut bo‘lmas izlar haqida hikoya qiladi. Yillar osha bir kun, Sharlotta Kestner - mashhur ""Yosh Verterning iztiroblari"" romanidagi Lottaning real prototipi - Vaymar shahriga qaytadi. Uning maqsadi - yoshligida uni ilhomlantirgan, ammo o‘zgacha hayot yo‘lini tanlagan Gyote bilan yuzma-yuz uchrashishdir. Ammo bu uchrashuvgacha biz ko‘p narsani bilib ulguramiz: Gyotening do‘stlari, xizmatkorlari, hamfikr va tangidchilari orqali muallif o‘quvchini asta-sekin buyuk shoirning murakkab va ziddiyatli portretiga olib boradi. Har bir suhbat, har bir xotira orqali Gyotening hayoti, shon-shuhrati ortidagi yolg‘izligi ochiladi."
69e5bbf40fce2cbd4683227e,Qora lola,qora-lola,,,,Nurbek,2026,uz,latin,hardcover,A5,272,0,978-9910-601-47-7,32000,0,0,False,,5,0,218,1258,0,True,False,False,False,simple,old,single,Badiiy adabiyotlar; Jahon adabiyoti,qora lola; Қора лола; dyuma; aleksandr dyuma,img/img-file-3c3dd25de289d2fb5dffee823d252731.jpg,"Aleksandr Dyumaning ""Qora lola"" romani XVII asr Gollandiyasida kechgan tarixiy-siyosiy jarayonlar fonida yozilgan bo‘lib, muallifning tarixiy roman janridagi muhim asarlaridan biri sanaladi. Unda real shaxslar va voqealar badiiy syujet bilan uyg‘unlashtiriladi. Markaziy g‘oya mutlaq qora lolani yetishtirish orzusi insonning mukammallikka intilishi, ma’naviy sobitligi va ichki erkinligining ramziy ifodasidir. Roman siyosiy fitnalar, adolatsizlik va hokimiyat uchun kurash fonida shaxsiy vijdon, sadoqat va hasad kabi insoniy sifatlarni tahlil qiladi. Dyuma romantik uslub orqali tarixni nafaqat voqealar ketma-ketligi sifatida, balki axloqiy tanlovlar maydoni sifatida talqin etadi. ""Qora lola"" ilmiy adabiyotlarda gumanistik g‘oyalari, ramziy qatlamlari va tarixiy haqiqat bilan badiiy to‘qimaning muvaffaqiyatli uyg’unligi sifatida e’tirof etiladi."
69e5b8420fce2cbd468320c0,To'qson uchinchi yil,toqson-uchinchi-yil,,,,Bahodir Umarov,2026,uz,latin,hardcover,A5,464,0,978-9910-601-30-9,64000,0,0,False,,5,0,94,1511,0,True,False,False,False,simple,old,single,Badiiy adabiyotlar; Jahon adabiyoti,to'qson uchinchi yil; Тўқсон учинчи йил; viktor gyugo,img/img-file-c519572c1d557b5653f0a43a9144fe5b.jpg,"""To‘qson uchinchi yil"" - Viktor Gyugoning inson irodasi, fojia va jasorat tabiatiga bag‘ishlangan so‘nggi buyuk romanlaridan biri. Asarda qahramonlar taqdiri orqali har qanday tarixiy davrda dolzarb bo‘lgan masalalar: insonning ichki burchi, axloqiy tanlov, sadoqat va halokat o‘rtasidagi murakkab muvozanat yoritiladi. Gyugo qahramonlarini siyosiy yoki mafkuraviy tamg‘alamaydi. Ularning har biri o‘z e’tiqodi, vijdoni va shaxsiy mas’uliyati bilan yashaydi. Shu jihatdan roman qahramonlari tarixiy vogealarnigina emas, avvalo, inson tabiatining o‘ziga xos, dramatik qirralarini namoyon qiladi. Uslub jihatdan ""To‘qson uchinchi yil"" Gyugo qalamiga xos epik kuch, dramatik dinamika va inson ruhiga chuqur nazar soluvchi badiiy ehtiros bilan to‘lgan asar. U o‘quvchini ulkan voqealar emas, balki o‘sha voqealar orasida o‘zini yo‘qotmagan insonning ichki qiyofasi bilan uyg‘otadi."
69e3741a0fce2cbd46830be3,Olesya,olesya,,,,Salim Ashur,2026,uz,cyrillic,hardcover,A5,224,0,978-9910-601-46-0,35000,0,0,False,,5,0,158,1636,0,True,False,False,False,simple,old,single,Badiiy adabiyotlar,Олеся; olesya; kuprin; aleksandr kuprin,img/img-file-23cc384b5208fe208b79d1b288b959a2.jpg,"Aleksandr Kuprinning «Olesya» qissasi rus adabiyotidagi eng nozik lirik asarlardan biri bo‘lib, tabiat va inson ruhiyatining uyg‘un manzaralari orqali muhabbat, ijtimoiy adolat va taqdir qarshiligi kabi abadiy mavzularni yoritadi. Asar markazida tajriba izlab o‘rmonga kelgan ziyoli yigit va jodugar deb qoralangan, tabiat ximoyasida ulg‘aygan, erkin va olamdan o‘ziga xos xabardor qiz - Olesya o‘rtasidagi muxabbat hikoyasi turibdi. Kuprin Olesya obrazi orqali voqelikdan uzoq lekin ruhiy ozod inson tabiatini yaratadi: u bir vaqtning o‘zida ham maftunkor, ham fojiaviy. Qaxramonlar o‘rtasidagi tuyg‘ular yuksak romantik kayfiyat bilan yoritilsa-da, asar ijtimoiy tasavvurlar, irim-sirimlar va jamoaviy tafakkurning shafkatsiz bosimi ostidagi inson taqdirini ham ko‘rsatadi."
69e370e60fce2cbd46830abb,Ko'ngil ozodadur,kongil-ozodadur-1,,,,,2025,uz,latin,paper,A5,224,0,978-9910-679-43-8,28000,0,0,False,,5,0,80,945,0,True,False,False,False,simple,old,single,Badiiy adabiyotlar,ko'ngil ozodadur; Кўнгил озодадур; Xayriddin Sulton,img/img-file-cbdf2c7b6d3a9208ca4c954748ffa7a2.jpg,"Xayriddin Sultonning ""Ko‘ngil ozodadur"" va ""Yozning yolg‘iz yodgori"" qissalari yurakning eng pinhon burchaklarida yashirinib yotgan tuyg‘ular haqida so‘zlaydi. Bu asarlarda sevgi, sadoqat, sog‘inch, yolg‘izlik va ichki ozodlikka intilish sokin, ammo chuqur ohanglarda ifodalanadi. Qahramonlar hayoti orqali muallif har bir inson ko‘nglida yashovchi yashirin dard, o‘tkinchi baxt va unutilmas xotiralarni tasvirlaydi. Qissalardagi har bir voqea, har bir obraz orqali hayotning oddiy ammo teran ma’noli sahnalari ko‘z oldingizda jonlanadi. Asarlarni o‘qigan sayin inson yuragida nimadir qimirlaydi - goh o‘tmish eslanadi, goh ko‘ngil nimagadir talpinadi... Va oxir-oqibat o‘quvchi har ikkala qissani ham yuragiga yaqin bir xotira kabi olib ketadi."
69e36a1a0fce2cbd468308cd,Kodeks 632,kodeks-632,,,,N.Sultonmurodov,2026,uz,latin,paper,A5,408,0,978-9910-09-723-2,70000,0,0,False,,5,0,246,1172,0,True,False,False,False,simple,old,single,Detektiv adabiyotlar,kodeks 632; 632; Кодекс 632,img/img-file-bfbfd3151f432ad490cddfeaedae42c5.jpg,"Rio-de-Janeyro: Keksa bir tarixchi mehmonxona xonasida o‘lik holda topiladi. U qoldirgan tadqiqot orasida hammaning e’tiborini tortgan bir hujjat bor edi. Unda: ""Moloc Ninundia Omastoos"" deb yozilgan. Lissabon: Amerika Tarix Fondi nomli tashkilot Lissabon Yangi Universiteti tarix fakulteti professori Tomas Noronya bilan bog‘lanadi. Professorning kriptoanaliz va qadimgi tillar bo‘yicha mutaxassisligidan foydalanib, vafot etgan tarixchining tadqiqotini ochib berishini so‘ragan tashkilot buning uchun naqd yarim million dollar to‘lashga tayyor edi. Tarixchi qoldirgan bu sirli yozuvning jumbog‘ini yechishga urinarkan, Tomas Lissabondan Rio-de-Janeyroga, Nyu-Yorkdan Quddusgacha cho‘zilgan safarga chiqadi. U to‘satdan o‘zini Amerika qiť’alarining kashf etilishi bilan bog‘liq hayratlanarli tarixni va bugungacha hech bir tarixchi hal qila olmagan ulkan sirni - Xristofor Kolumbning haqiqiy shaxsini tadqiq etish jarayonida topadi."
69e363e40fce2cbd46830753,Molxona,molxona,,,,Karim Bahriyev,2026,uz,latin,paper,A5,144,0,978-9910-679-99-5,28000,0,0,False,,5,0,332,1218,0,True,False,False,False,simple,old,single,Badiiy adabiyotlar; Jahon adabiyoti; Falsafa,molxona; Молхона; jorj oruell; oruell,img/img-file-6ea2904e2be7044ce5461ef4364716b9.jpg,"""Molxona"" - ingliz yozuvchisi Jorj Oruell qalamiga mansub siyosiy-falsafiy qissa bo‘lib, unda fermadagi hayvonlar xo‘jayinga qarshi go‘zgolon ko‘tarib, tenglikka asoslangan jamiyat qurishga urinadi. Biroq vaqt o‘tishi bilan hokimiyatni qo‘lga olgan cho‘chqalar asta-sekin yangi zulm tizimini barpo etadi. Asar ramziy obrazlar orqal totalitar tuzum, propaganda, mafkuraviy manipulyatsiya va hokimiyatning buzuvchi ta’sirini ochib beradi. Kitob siyosatshunoslik, tarix va adabiyotga qiziqqan o‘quvchilar, shuningdek, tanqidiy fikrlashni rivojlantirmoqchi bo‘lgan keng kitobxonlar uchun mo‘ljallangan. Uni o‘qish jamiyatdagi kuch va mas’uliyat masalalarini chuqurroq anglashga yordam beradi. Asar adolat, erkinlik va hushyorlikka da’vat etuvchi, bugungi kun uchun ham dolzarbligini yo‘qotmagan muhim manbadir."
69e358fe0fce2cbd46830493,"Gudbay, Amerika",gudbay-amerika,,,,,2026,uz,latin,paper,A5,192,0,978-9910-5127-0-4,39000,0,0,False,,5,0,46,32,0,True,False,False,False,simple,old,single,Badiiy adabiyotlar,"Гудбай, Америка; Gudbay, Amerika",img/img-file-deff3d7b7987791501876bba905032f5.jpg,"Hayotning asrlar sinovidan o‘tgan boqiy haqiqati shuki, hech qachon, hech bir hudud osmonidan tekin chalpak yog‘maydi...  Mazkur to‘plamdagi qissalarda musofirlikning achchiq zahmatlarini tortgan elatdoshlarimizning hayoti qalamga olingan. Ular o‘zga ellarda aldov, xiyonat, razolat, buzuqlik, e’tiqodsizlik, zalolatning ming bir tusda tovlanishlariga ro‘baro‘ keladilar. Hatto beg‘ubor ko‘ngilda ko‘z ochgan ilohiy muhabbat chechagi ham vahshiylarcha toptab-yanchiladi...  Kitob siz, aziz o‘quvchilarga ma’qul keladi, degan umiddamiz."
69c51e2f9db923ab5b06bb7d,Suyukli payg'ambarim bilan 365 kun,suyukli-paygambarim-bilan-365-kun-1,,,,,2025,uz,cyrillic,hardcover,A5,480,0,9789943921740,169000,0,0,False,,5,0,230,6,0,True,False,False,False,simple,old,single,Diniy adabiyotlar,Suyukli payg'ambarim bilan 365 kun,img/img-file-e19153bf06f9ca90b415365049c86781.jpg,"Ushbu kitob dunyodagi arab, rus, ingliz tillariga tarjima qilingan bo‘lib Payg‘ambarimiz Muhammad (sollallohu alayhi vasallam) hayotlarini sodda, qisqa, qiziqarli uslubda tanishtiradi. Kitob muallifi yurtimiz o‘quvchilariga tanish bo‘lgan Nurdan Damla. Kitobni o‘qish mobaynida suyukli Payg‘ambarimiz va sahobalarning muborak hayotlari bilan tanishasiz. Bu muborak hayot orqali farzandlarimiz o‘zlarida vatanga muhabbat, ilm olishga intilish, kasb-hunarga rag‘bat, halollik, rostgo‘ylik, do‘stlik, ustoz va shogird munosabatlari, kattalarga hurmat kabi jamiyatimiz uchun naqadar zarur va foydali bo‘lgan axloq va ko‘nikmalarni hosil qiladilar."
69c51d0a9db923ab5b06bab1,Payg'ambarlar tarixi,paygambarlar-tarixi-6,,,,,2024,uz,cyrillic,hardcover,A5,368,0,9789910882227,72000,0,0,False,,5,0,162,10,0,True,False,False,False,simple,old,single,Diniy adabiyotlar,Payg'ambarlar tarixi,img/img-file-6fac816090efa306b3b1cdbdcc899910.jpg,
69c51c8b9db923ab5b06ba50,Odob-axloqqa oid hadislar to'plami,odobaxloqqa-oid-hadislar-toplami-1,,,,,2025,uz,latin,hardcover,A5,172,0,9789943931947,52000,0,0,False,,5,0,86,7,0,True,False,False,False,simple,old,single,Diniy adabiyotlar,odob axloqqa oid hadislar; hadislar,img/img-file-d97223368a88cdeb19e5d35ba0d22c79.jpg,"Aziz bolajonlarga atab sevikli Payg‘ambarimiz Rasululloh sollallohu alayhi vasallamning muborak hadislarini to‘plab, ularni yengil va ravon uslubda sharhlagan holda taqdim etmoqdamiz. Kitob imkon qadar bolalar tili va tabiatiga yaqin qilib yozildi. Jumlalar sodda, yengil, tushunarli bo‘lishiga alohida e’tibor qaratildi."
69c51b639db923ab5b06b984,Odobni uch yoshdan o'rganamiz 1,odobni-uch-yoshdan-organamiz-1,,,,,2025,uz,latin,hardcover,A5,174,0,9789910836855,52000,0,0,False,,5,0,118,43,0,True,False,False,False,simple,old,single,Diniy adabiyotlar,Odobni uch yoshdan o'rganamiz,img/img-file-d82a5fd9fa6f58ed6d7aa928bc74ea99.jpg,"Kitobda odob-axloq, poklik, rostgo'ylik, hurmat, mehr, milliy qadriyatlar kabi muhim tarbiyaviy mavzular hikoyalar, misollar, qiziqarli savol va topshiriqlar orqali yoritilgan."
69c51a539db923ab5b06b8a0,Ularga qo'rquv yo'q,ularga-qorquv-yoq,,,,,2026,uz,cyrillic,paper,A5,224,0,9789910880490,46000,0,0,False,,5,0,110,57,0,True,False,False,False,simple,old,single,Diniy adabiyotlar,Ularga qo'rquv yo'q; ularga qorquv yoq,img/img-file-acdda14a954ab461774806faf9c5026e.jpg,"Agar Alloh sari rost ulov bilan yo‘lga chiqsak, hammamiz o‘z doiramizda adolat qilsak, ishlarimizda ixlosli bo‘lsak va so‘zlarimizda taqvoni tutsak Alloh O‘z rahmati bilan bizga bosh bo‘ladi. Ustimizdan ham, oyoq ostimizdan ham serob rizq yeymiz. Birovga yo biror narsaga muhtoj bo‘lmaymiz.  Lekin biz din haqida so‘zlaymiz-u, uni bilmaymiz. Go‘zal axloqqa chaqiramiz-u, u bilan ziynatlanmaymiz. Bizning dunyomiz mana shu. U ishlarimiz oynasiga aylandi. Hech bir taajjubsiz."
69c519619db923ab5b06b775,Rahmat payg'ambaridan rahmat shabbodalari,rahmat-paygambaridan-rahmat-shabbodalari,,,,,2022,uz,cyrillic,hardcover,A5,304,0,9789943822627,45000,0,0,False,,5,0,74,2,0,True,False,False,False,simple,old,single,Diniy adabiyotlar,Rahmat payg'ambaridan rahmat shabbodalari,img/img-file-5ed158eac0f4940a2262953e1f196a73.jpg,
69c506de9db923ab5b06b166,Buxoro taronalari,buxoro-taronalari,,,,,2025,uz,cyrillic,hardcover,A5,320,0,9789910108563,160000,0,0,False,,5,0,78,29,0,True,False,False,False,simple,old,single,She'riyat,buxoro taronalari,img/img-file-f008935a67e35b4c1e962ce98716efdc.jpg,
69c5033b9db923ab5b06afec,Sog'inch daraxti | A tree of missing,soginch-daraxti-a-tree-of-missing,,,,,2020,uz,cyrillic,hardcover,A5,96,0,9789943207592,20000,0,0,False,,5,0,92,2,0,True,False,False,False,simple,old,single,She'riyat,sog'inch daraxti; soginch daraxti,img/img-file-484b23f7880a3ddc4058c940b2309f8a.jpg,"Mazkur to‘plamni o‘qigan kitobxon juda katta taassurot va hayajon og‘ushida qoladi, chunki ushbu she’rlar sog‘inch haqida.  Shoira qadrdon go‘shasi, xalqi, yaqinlari, hatto diyorining dov- daraxtlari-yu maysalarini shunday mehr bilan tasvirlaydiki, beixtiyor sizga ham atrofdagi hamma narsa go‘zal va betakrordek ko‘rinib ketadi.  Ushbu she’rlarni o‘qib ijod ahliga xos bezovtalik, ruhiy bo‘xronlar, his-hayajonni his etasiz.  Uzoqdagi vatandoshimizning sog‘inch yo‘g‘rilgan she’rlari qalbingizda muazzam tuyg‘ular uyg‘otadi."
69c5020d9db923ab5b06af29,Tanlangan asarlar 6,tanlangan-asarlar-6,,,,,2023,uz,cyrillic,hardcover,A5,576,0,9789943701083,90000,0,0,False,,5,0,152,1,0,True,False,False,False,simple,old,single,Badiiy adabiyotlar; She'riyat,tanlangan asarlar,img/img-file-852922ad4efaf59eaeda250b5df280d6.jpg,
69c501479db923ab5b06ae87,Tanlangan asarlar 5,tanlangan-asarlar-5,,,,,2025,uz,cyrillic,hardcover,A5,608,0,9789910807886,105000,0,0,False,,5,0,172,4,0,True,False,False,False,simple,old,single,Badiiy adabiyotlar,tanlangan asarlar,img/img-file-5041b3072e45867aa9ccc008e654bd0e.jpg,"Muallif e’tiroficha, yozuvchi mardum ""o‘zidan ortganda"", ko‘nglidagini oshig‘ich izhor etish ehtiyoji paydo bo‘lganda publitsistikaga qo‘l uradi. Ushbu jildga uning gazeta-jurnallarda bosilgan maqola va suhbatlari jamlandi."
69c4f0299db923ab5b06aadf,Tanlangan asarlar 7,tanlangan-asarlar-7,,,,,2021,uz,cyrillic,hardcover,A5,320,0,9789943633872,29000,0,0,False,,5,0,110,13,0,True,False,False,False,simple,old,single,Badiiy adabiyotlar,,img/img-file-3a513e2a4e3e98595f132be266ce264f.jpg,"Taniqli shoir va tarjimon Abduhamid Parda adabiy jarayonni ham jiddiy kuzatib boradi. Tanlangan asarlarning yettinchi jildidan uning qalamiga mansub o‘ziga xos adabiy o‘ylar, taqriz va tanqidiy maqolalar joy olgan. Maqolalar uch bobga ajratilgan bo‘lib, ularda turkiy adabiyot asoschisi, mutafakkir shoir Yusuf Xos Hojibning qomusiy dostonidan boshlab, endigina adabiyot maydoniga kirib kelayotgan yosh shoirlar ijodiga oid mulohazalar ham bayon qilingan."
69c4eed89db923ab5b06a9e7,Tanlangan asarlar 4,tanlangan-asarlar-4,,,,,2021,uz,cyrillic,hardcover,A5,320,0,9789943633841,29000,0,0,False,,5,0,66,13,0,True,False,False,False,simple,old,single,She'riyat,,img/img-file-c5e07897f871e228113ba4758bdc1404.jpg,Abduhamid Parda asarlarining to‘rtinchi jildidan xalqimizning ikki daho farzandi – sohibqiron Amir Temur va Alisher Navoiyga bag‘ishlangan dostonlar joy olgan. Sohibqiron Amir Temurga bag‘ish- langan dostonda tarixiy voqealar shoirona izchil bayon qilingan. Alisher Navoiyga bag‘ishlangan doston esa o‘ziga xos uslubga ega. Har ikki dostonda keltirilgan qator rivoyatlar ularning salmog‘ini yana ham oshirgan.
69c4edbe9db923ab5b06a8a9,So'zmunchoq,sozmunchoq,,,,,2025,uz,latin,paper,A5,164,0,9789910805806,39000,0,0,False,,5,0,76,17,0,True,False,False,False,simple,old,single,She'riyat,So'zmunchoq; sozmunchoq,img/img-file-61789996694639698f03101d2a1cae74.jpg,
69c4ecbc9db923ab5b06a76e,Erkin A'zamning badiiy mahorati va adabiy-estetik qarashlari,erkin-azamning-badiiy-mahorati-va-adabiyestetik-qarashlari,,,,,2026,uz,latin,paper,A5,280,0,9789910109522,52000,0,0,False,,5,0,104,5,0,True,False,False,False,simple,old,single,Ilmiy-ommabop,,img/img-file-24ade4b858cc23bd51b17a257ab006a3.jpg,"Monografiyada O'zbekiston Xalq yozuvchisi Erkin A'zamning badiiy mahorati va adabiy-estetik qarashlari yaxlit tadqiq qilingan. Unda ijodkorning ikki romani, to'qqiz qissasi, hikoyalari hamda tanqidiy fikrlari, falsafiy konsepsiyasi, syujet, konflikt, xarakter, sarkazm yaratish mahorati, til va uslub, poetik sintaksis, xronotop borasidagi o'ziga xos jihatlari atroflicha tahlil etilgan. Nosirning bugungi zamonaviy adabiyotimizdagi munosib o'rni keng yoritilgan.  Monografiya filolog mutaxassislar hamda so'z san'atining barcha ixlosmandlariga mo'ljallangan."
69c4ebda9db923ab5b06a6d9,"Qizil, sorig', yashil",qizil-sorig-yashil,,,,,2025,uz,cyrillic,paper,A5,84,0,9789910602160,26000,0,0,False,,5,0,74,18,0,True,False,False,False,simple,old,single,She'riyat,"Qizil, sorig', yashil",img/img-file-213a5f767d557777e7f781ded5e28b20.jpg,"Taniqli shoira Nodira Ofoqova mumtoz adabiyot ning nodir tadqiqotchisi ekani adabiyot ahliga yaxshi ma’lum. U Xoja Ahmad Yassaviy, Alisher Navoiy va boshqa mumtoz shoirlarimizni o‘qish, tushunish, tahlil qilish salohiyatiga ega nuktadon mutaxassis ekanini ko‘pchilik e’tirof etadi. Ham shoira, ham olima sifatida qalam tebratib kelayotgan Nodira Ofoqova yana bir yangi ijod namunasini she’riyat ixlosmandlari qo‘liga tutqazayotir: “Qizil, sorig‘, yashil”. Shoyiraning ushbu to‘plamdagi g‘azallarida ilmiy bilim va salohiyatini vobasta etib, zamonaviy inson, ayniqsa, ayol qalbining tug‘yonlarini aruz vaznida, nozik musiqiy ohangda ifoda eta bilgan."
69c4ead99db923ab5b06a578,Saylanma (Muhammad Yusuf),saylanma-muhammad-yusuf,,,,,2025,uz,latin,hardcover,A5,448,0,9789943813113,40000,0,0,False,,5,0,102,25,0,True,False,False,False,simple,old,single,She'riyat,saylanma,img/img-file-e5088f72185885d5aceb130a7ad0402b.jpg,"O‘zbek she’riyatida yetti yoshdan yetmish yoshgacha butun xalq sevib ardoqlaydigan millatimizning haqiqiy shoiri Muhammad Yusuf she’rlari qalblarga nur yanglig‘ kirib boradi. Shundanmi, uning nomini bilmaydigan she’riyat muxlislarini uchratish mahol.  Ushbu kitob ham Muhammad Yusuf lirikasidagi injalig-u nozikliklardan bahramand bo‘lishingiz, qalbingizdagi muhabbatingiz yangilanishi uchun qaytadan nashrga tayyorlandi. Undan shoirning bir necha dostonlari va adib haqida zamondoshlarining xotiralari ham o‘rin olgan."
69c4e8889db923ab5b06a217,101 samolyot va 1 qismat,101-samolyot-va-1-qismat,,,,,2020,uz,latin,hardcover,A5,96,0,9789943194670,130000,0,0,False,,5,0,76,1,0,True,False,False,False,simple,old,single,Tarixiy,101 samolyot va 1 qismat,img/img-file-7759c50512c01dfbe356b0174460d1f3.jpg,"Ushbu kitob yaqin 90 yil ichida bo‘lib o‘tgan aviahalokatlar asosida, tarixiy, aniq voqealar, sanalar va aniq raqamlarga tayanib yozilgan. Havo yo‘llaridagi hodisalar, xatolar va muvaffaqiyatlar, yo‘qotishlar va topishlar jamlangan kitob javoningizdagi eng sevimli asarlardan biriga aylanishidan umidvormiz."
69c4ce829db923ab5b0691f5,Qizil qo'shinga qarshi Buxoro,qizil-qoshinga-qarshi-buxoro,,,,,2025,uz,cyrillic,hardcover,A5,304,0,9789910889929,122000,0,0,False,,5,0,110,20,0,True,False,False,False,simple,old,single,Tarixiy,Qizil qo'shinga qarshi Buxoro; qizil qoshinga qarshi buxoro,img/img-file-6138578a15c9b0f36770dd8814ea5ad9.jpg,"Mazkur monografiyada Rossiyadan kelgan bosqinchi qizil qo‘shinga qarshi Buxoroning kurashi ko‘rsatilgan. Turondagi eng qadimiy va bosh kent sanalgan Buxoroi Sharifning 1920-yil avgust-sentyabr oylarida qizil qo‘shin tomonidan vayron etilishi, 1920-1935-yillarda buxoroliklarning bolsheviklar va sovet rejimiga qarshi olib borgan istiqlolchilik harakati, qo‘rboshilar va yigitlarining bosqinchi qizil askarlarga qarshi hayot-mamot kurashi yoritilgan. Asar arxiv hujjatlari, o‘sha davr matbuoti materiallari va zamondoshlarining xotiralari asosida yozilgan.  Kitob Turkistondagi milliy ozodlik harakatlari tarixi hamda Buxoroning qizil qo‘shinga qarshi kurashi bilan qiziquvchi keng kitobxonlar ahliga mo‘ljallangan."
69c4cd019db923ab5b068fa0,Humoyunshoh Boburiy yoxud Shoh Taxmasp Safaviy va Sherxon Suriy,humoyunshoh-boburiy-yoxud-shoh-taxmasp-safaviy-va-sherxon-suriy,,,,,2025,uz,cyrillic,paper,A5,176,0,9789910804335,30000,0,0,False,,5,0,82,25,0,True,False,False,False,simple,old,single,Tarixiy,,img/img-file-8a0076bd5b82fb426d75a6613faccae3.jpg,"“Humoyunshoh Boburiy yoxud Shoh Tahmasp Safaviy va Sherxon Suriy"" romani ""Temuriylar” epopeyasining navbatdagi jildidir.  Siz ushbu asarda ota taxtidan ayrilgach, qardoshlari Komron, Askariy va Hindol mirzolar isyon-u xiyonatlariga ma’ruz qolgan Humoyunning bu qarshiliklarni bartaraf etishi, unga ko‘mak etgan Eron hukmdori Shox Tahmasp bilan muloqoti hamda Hindiston taxtini o‘n besh yil mobaynida egallab turgan Sherxon Suriy va boshqa muxoliflarga qarshi olib borgan kurashini maroqla mutolaa etasiz."
69c4cc259db923ab5b068f0d,Ilk Boburiy yoxud Humoyun Podshoh va Kashmir fotihi Muhammad Haydar Mirzo,ilk-boburiy-yoxud-humoyun-podshoh-va-kashmir-fotihi-muhammad-haydar-mirzo,,,,,2025,uz,cyrillic,paper,A5,176,0,9789910804328,30000,0,0,False,,5,0,60,28,0,True,False,False,False,simple,old,single,Tarixiy,,img/img-file-4ef806bf0c03012e9d5773060c8cceb4.jpg,"Siz ushbu kitobda Mirzo Humoyunning podshoh sifatida qiblagohi Zahiriddin Muhammad Bobur taxtiga o‘tirishi va o‘n yil mobaynida saltanat surishi hamda toj-u taxtni Sherxon Suriyga oldirib qo‘yishi, Muhammad Haydar mirzoning Kashmirni fath etishi, Humoyunning otasi kabi sarson-u sargardonlikda kechgan mashaqqatli hayoti va mujodalasining jonli badiiy tasviri ishtirokchisiga aylanasiz."
69c4cad19db923ab5b068dd5,Guliston va Bo'ston,guliston-va-boston,,,,,2025,uz,latin,paper,A5,304,0,9789910679605,32000,0,0,False,,5,0,128,1935,0,True,False,False,False,simple,old,single,Badiiy adabiyotlar,Guliston va Bo'ston,img/img-file-21087e28f7c3bd36df022cf030fe4d55.jpg,"Buyuk fors shoiri Sa’diy Sheroziyning ""Guliston"" va ""Bo‘ston"" asarlari Sharq adabiyotining durdonalaridandir. Bu ikki asar axloqiy-didaktik mazmunga ega bo‘lib, o‘quvchini ezgulikka, komillikka, insoniy fazilatlarni ulug‘lashga chorlaydi. ""Bo‘ston"" - to‘liq she’riy asar bo‘lib, unda sabr, halollik, saxovat, ilm va odob haqida hikmatli hikoyatlar jamlangan. ""Guliston"" esa nasr va she’r aralash uslubda yozilgan bo‘lib, undagi ibratli hikoyalar orqali hayotiy haqiqatlar yoritiladi. Har ikki asar ham o‘zining teran ma’nosi, badiiy go‘zalligi va tarbiyaviy ahamiyati bilan o‘quvchilarni ezgu fazilatlar sari yetaklaydi. Bu asarlar asrlar osha qadrlanib kelayotgan bebaho ma’naviy meros hisoblanadi."
69c4c9779db923ab5b068d03,Boburnoma,boburnoma-2,,,,,2025,uz,latin,paper,A5,576,0,9789910864773,30000,0,0,False,,5,0,236,45,0,True,False,False,False,simple,old,single,Badiiy adabiyotlar; Tarixiy,boburnoma,img/img-file-34cf35e43f5d1c7257cdc346422ab542.jpg,"“Boburnoma” - o‘zbek namunaviy adabiyotidagi bebaho asarlardan. Unda O‘rta Osiyo, Afg‘oniston, Hindiston va Eron xalqlari tarixi, jug‘rofiyasiga oid qimmatli ma’lumotlar bor. O‘sha davr o‘zbek adabiy tilining yorqin namunasi ekanligi esa yanada muhimroqdir."
69c4c7ed9db923ab5b068c50,Tayfur,tayfur,,,,,2025,uz,cyrillic,hardcover,A5,480,0,9789910708428,55000,0,0,False,,5,0,90,627,0,True,False,False,False,simple,old,single,Badiiy adabiyotlar,tayfur,img/img-file-4ade5ddbd42252a29330ad8aae3f58d5.jpg,"«Tayfur» asari XIX asrning ikkinchi yarmida Markaziy Osiyodagi tarixiy voqealar - Rossiya imperiyasining Turkistonga bosqini, Qo‘qon va Buxoro xonliklarining tanazzuli, shuningdek, O‘ratepa shahri va unga yaqin hududlardagi xalq turmushi, yurtpar- var insonlarning kurashi va yuraklarni titratar fojiali taq- irlarini tasvirlaydi. Asar markazida turli ijtimoiy qatlam va tabaqalarga mansub shaxslar obrazi orqali murakkab tarixiy voqelik, inson ruhiyatidagi kechinmalar va milliy o‘zlik masalalari yoritilgan. Uning bosh qahramoni - Tayfur, o‘zining sirli o‘tmishi, ichki ziddiyatlari, muhabbat sabab yuzaga kelgan fojiali qismati bilan asar dramatizmini oshiradi."
69c3c25e9db923ab5b0675e5,Jizzax adiblari (2-kitob),jizzax-adiblari-2kitob,,,,,2025,uz,latin,hardcover,A5,464,0,9789943383630,50000,0,0,False,,5,0,98,0,0,True,False,False,False,simple,old,single,Ilmiy-ommabop,jizzax adiblari,img/img-file-386483566768c443e61e867c080a62d1.jpg,Ushbu “Jizzax adiblari” nomli antologiyaning ikkinchi kitobidan XX asrning oxirlari va XXI asrning boshlarida jizzaxlik adiblar tomonidan yaratilgan sara asarlar o‘rin olgan.
69c3bc279db923ab5b0671b0,Утопия,utopiya-4,,,,,2025,uz,cyrillic,hardcover,A5,192,0,9789910708954,42000,0,0,False,,5,0,140,2098,0,True,False,False,False,simple,old,single,Jahon adabiyoti; Falsafa,utopiya; moysklad:93ab455e-adc0-11ec-0a80-05b6004c7834,img/img-file-98ff8a763de86eb0ded0abc928603c27.jpg,"Ilk Renessans davrining yirik mutafakkiri va davlat arbobi Tomas Morning mashhur «Utopiya» asari insoniyat orzu qilgan ideal jamiyat haqidagi badiiy-falsafiy manzarani taqdim etadi. Unda adolat, tenglik va umumiy farovonlik asosida qurilgan orzudek davlat tasviri beriladi. Asar nafaqat siyosiy-ijtimoiy fikr tarixida yangi yo‘nalish ochgan, balki butun jahonda «utopiya» atamasining paydo bo‘lishiga sababchi ham bo‘lgan.  Kitobdagi Morning maktublari esa uning shaxsiy tafakkuri, zamondoshlari bilan muloqoti va hayotiy qarashlari haqida qimmatli ma’lumot beradi. Ular «Utopiya» asaridagi g‘oyalarni teranroq anglash va muallif shaxsiyatiga yaqindan nazar tashlash imkonini yaratadi.  Bu to‘plam ham tarixiy, ham falsafiy jihatdan o‘lmas ahamiyati bilan sizni befarq qoldirmaydi."
69c392d49db923ab5b0669e2,Kassandra tamg'asi,kassandra-tamgasi-1,,,,,2023,uz,cyrillic,paper,A5,240,0,9789943204164,20000,0,0,False,,5,0,100,1808,0,True,False,False,False,simple,old,single,Badiiy adabiyotlar,kassandra tamg'asi; kassandra tamgasi,img/img-file-1b0e19cf95158449cc0ccaf0cad85a3c.jpg,"Buyuk adib ushbu falsafiy romanida butun sayyora, boringki kosmos miqyosida keng va uzviy mushohada yuritgan. Bugungi shafqatsizlik, yovuzlik, vahshiylik urug‘larining kelajakda qanday dahshatli mevalar berishini kosmik yuksaklikdan bashorat qilgan"
69c391f69db923ab5b066930,Duo olgan kelinchak,duo-olgan-kelinchak,,,,,2023,uz,cyrillic,paper,A5,336,0,9789943964648,45000,0,0,False,,5,0,100,20,0,True,False,False,False,simple,old,single,Badiiy adabiyotlar; O'zbek adabiyoti,duo olgan kelinchak,img/img-file-705ec7242f06fb2803dead362da14be1.jpg,"Muallifning ushbu kitobi dunyodagi eng aziz hadya - duo va uning mo‘tabarligi haqidadir. Adib o‘z o‘quvchilarini duo oluvchi va duo qiluvchilardan bo‘lishga chorlaydi. Duoning ijobati esa Allohdandir. Ushbu kitob o‘quvchini atrofdagilar uchun ham yaxshilik sog‘inishga, jamiki jonzotlar taqdiriga befarq bo‘lmaslikka o‘rgatuvchi hikoyalardan tashkil topgan."
69c390d89db923ab5b06687a,O'tkan kunlar,otkan-kunlar-10,,,,,2024,uz,latin,hardcover,A5,400,0,9789910750526,15000,0,0,False,,5,0,184,33,0,True,False,False,False,simple,old,single,Badiiy adabiyotlar; O'zbek adabiyoti,o'tkan kunlar; otkan kunlar; moysklad:141d5c4a-c031-11ef-0a80-107f001e7028,img/img-file-29025ed89a152b12bd70c2aebaddc79b.jpg,"O‘zbek nasrining gultoji bo‘lgan ""O‘tkan kunlar"" romani har bir asr o‘quvchisi uchun shoh asar bo‘lib qolmoqda. Mehrning, muhabbatning, sadoqatning o‘zbekchasi aynan shu roman orqali qalbimizga yanada chuqurroq singadi. Asar millat kishilarini har qanday holatda ma’nan va ruhan uyg‘oqlikka chorlab turguvchi qo‘ng‘iroq vazifasini o‘tab kelmoqda."
69c38eae9db923ab5b06672a,Dovon,dovon,,,,,2022,uz,cyrillic,hardcover,A5,416,0,9789943830868,40000,0,0,False,,5,0,62,3,0,True,False,False,False,simple,old,single,Badiiy adabiyotlar,dovon,img/img-file-b1af6eeb1ef1b6533759b8e5030ffa9b.jpg,"Mustaqillikning dastlabki yillarida xalqimiz olamshumul ishni boshlab yubordi. Buyuk Ipak yo‘li o‘tgan, ajdodlarimiz yurgan, bobomiz Bobur Mirzo bosib o‘tgan, Otabek Kumushni sog‘inib otda qatnagan Qamchiq dovoni yo‘llarini kengaytirishga asos solindi. Bu mamlakatimiz tarixidagi buyuk ishlardan biri edi.  Isoqjon Nishonovning ""Dovon"" romani mamlakatimiz obodligi, yo‘llarimiz ravonligi yo‘lida mehnat qilayotgan yo‘lsozlarning sharafli ishlari, o‘z oldilarida turgan qiyinchiliklarni mardonavor yengib o‘tishdagi jasoratlari haqida hikoya qilinadi. Bu roman zamonamiz qahramonlari timsolini o‘zida mujassamlashtirgan eng yaxshi asarlar qatoridan o‘rin oladi, degan umiddamiz."
69c381949db923ab5b065d56,Qirol Lir,qirol-lir-1,,,,,2023,uz,latin,paper,A5,80,0,9789943089327,12000,0,0,False,,5,0,110,129,0,True,False,False,False,simple,old,single,Jahon adabiyoti,qirol lir,img/img-file-1b337f14c1a69aebfcbe2455cb0085e9.jpg,
69c380bd9db923ab5b065cc9,Ona (hikoyalar),ona-hikoyalar,,,,,2024,uz,latin,paper,A5,192,0,9789910946332,20000,0,0,False,,5,0,94,6,0,True,False,False,False,simple,old,single,Badiiy adabiyotlar,ona,img/img-file-827eee6da25b60b497a579c94d534e9a.jpg,
69c376e59db923ab5b06546e,$100M daromad modellari,100m-daromad-modellari,,,,,,uz,latin,paper,A5,192,0,9781733747424,75000,0,0,False,,5,0,118,23,0,True,False,False,False,simple,old,single,Biznes adabiyotlar,$100M daromad modellari; daromad modellari,img/img-file-bd70688b2165eb136d0885beb1c60ec7.jpg,"Bu kitob sizga mijozlarni ko'paytirish, ular koʻproq xarajat qilishi va buni tezroq amalga oshirish san'atini oʻrgatadi."
69c374e39db923ab5b0653c2,$100M takliflar,100m-takliflar,,,,,,uz,latin,paper,A5,176,0,9781733747578,75000,0,0,False,,5,0,220,20,0,True,False,False,False,simple,old,single,Biznes adabiyotlar,$100M takliflar,img/img-file-2fc0b0e66b621bbc7da6b85545289e56.jpg,
69c374359db923ab5b065318,$100M lidlar,100m-lidlar,,,,,,uz,latin,paper,A5,336,0,9781733747523,75000,0,0,False,,5,0,106,17,0,True,False,False,False,simple,old,single,Biznes adabiyotlar,$100M lidlar,img/img-file-2e28525d13c1dfb5c75b8856e6222be7.jpg,
69c3728c9db923ab5b0651aa,Dangasaning shiori,dangasaning-shiori,,,,,2025,uz,latin,paper,A5,48,0,9789910833120,15000,0,0,False,,5,0,270,477,0,True,False,False,False,simple,old,single,Bolalar adabiyoti,dangasaning shiori,img/img-file-86d7a203c5775ed2fb323992732fe66e.jpg,"Sir emaski, adabiyotga oshno bolalar darsliklardagi mavzularni yaxshi o'zlashtirish borasida tengqurlaridan ilgarilab ketishadi. Shu o'rinda bir savol tug'iladi: ""Qanday qilib bolalarda adabiyotga nisbatan mehr uyg'otish mumkin?"" Javob esa juda oddiy: ""Albatta, ertaklar yordamida"".  Aziz bolajonlar, sinfning a'lochi o'quvchisi bo'lishni istaysizmi? U holda, o'zingizda har kuni ertak o'qish odatini shakllantiring. Biz esa sizlarga bir-biridan qiziqarli ertaklarni taqdim etib boramiz. Ayni damda qo'lingizda turgan kitob Adiba Meyliyevaning ertaklar to'plami bo'lib, siz unda ""Daryo xonim"", ""Dangasaning shiori"", ""Bo'zchi va odil podsho"", ""Qumdan qurilgan qasr"", ""Sinov"" singari bir qator qiziqarli ertaklarni maroq bilan mutolaa etishingiz mumkin."
69c371469db923ab5b0650a8,Vaqt mashinasi,vaqt-mashinasi,,,,,2026,uz,latin,paper,A5,96,0,9789910096464,28000,0,0,False,,5,0,148,17,0,True,False,False,False,simple,old,single,Bolalar adabiyoti; O'smirlar uchun,vaqt mashinasi,img/img-file-2c27c5fe35be955c0a550bde4cd63163.jpg,
69c36fdf9db923ab5b064fce,O'rmon bolalari 5: Sfinks siri,ormon-bolalari-5-sfinks-siri,,,,,2026,uz,latin,paper,A5,320,0,9789910936296,38000,0,0,False,,5,0,106,45,0,True,False,False,False,simple,old,single,Fantastika; O'smirlar uchun,sfinks siri,img/img-file-91a3e2b4ddd5c1d1cac43d8d6de72756.jpg,"“Kristall” maktabi o‘quvchilari dovdirab qoldilar: ularning do‘sti Frenki Endryu Milling bilan yuz bergan so‘nggi to‘qnashuvda g‘oyib bo‘ldi! Bolalar uning qayerdaligi va nima yuz berganini faqatgina taxmin qilishlari mumkin xolos. Va nihoyat, Frenkidan shifrlangan xabar keldi. Karag bilan sinfdoshlari uning dushman uyasiga tushib qolgani va o‘zini Millingning tarafdori sifatida ko‘rsatishga majburligini bilib oladilar! Uni qachon fosh qilishlari mumkin? Eng muhimi keyin qanday qilib ozodlikka chiqadi? Bolalar, albatta, ajoyib qutqaruv rejasini o‘ylab topishlari kerak! Aks holda, bechora Frenkining hayoti xavf ostida qoladi..."
69c36efe9db923ab5b064eb5,O'rmon bolalari 4: Puma qasosi,ormon-bolalari-4-puma-qasosi,,,,,2026,uz,latin,paper,A5,304,0,9789910936289,38000,0,0,False,,5,0,80,41,0,True,False,False,False,simple,old,single,Fantastika; O'smirlar uchun,o'rmon bolalari; ormon bolalari; puma qasosi,img/img-file-2362542e4fd3a077b9ce914f121b1b6d.jpg,"Uzoq va sirli Kosta-Rika. Begona ko‘zlardan yashirin chakalakzorlar bag‘ridagi bu makonda, g‘ayritabiiy o‘smirlar o‘qiydigan maktab joylashgan. Karag va uning sinfdoshlari aynan shu yerga yo‘l olishadi. Ular nafaqat notanish yerlarni o‘rganish asnosida Kosta-Rikaning ajoyib tabiatini kashf etishlari, balki boshqa o‘rmon bolalari bilan tanishishlari ham kerak. Biroq puma-bola yangi joyda ularni qanday ko‘ngilsiz syurpriz kutayotganini bilmaydi. Bolaning ashaddiy dushmani Endryu Milling hatto boshqa mamlakatda ham uni tinch qo‘yishni istamaydi. Bu safar shafqatsiz evriluvchi bilan kurashish uchun Karag nima qilar ekan?"
69c36e399db923ab5b064dd7,O'rmon bolalari 3: Xollining siri,ormon-bolalari-3-xollining-siri,,,,,2026,uz,latin,paper,A5,304,0,9789910936272,38000,0,0,False,,5,0,86,41,0,True,False,False,False,simple,old,single,Fantastika; O'smirlar uchun,o'rmon bolalari; ormon bolalari; Xollining siri,img/img-file-e7085c7a8af7dd4a3b6b7293cf2dad85.jpg,"Endilikda “Kristall” maktabida bir nechta o‘quv safarlari orqali tajribaga ega bo‘ldim.  Yoqtirganlarim orasida evriluvchi-bo‘ri borligiga o‘zim ham ishonishim qiyin. Tikaaniga hatto telefon raqamimni berdim. Faqatgina puma qiyofasida yurgan paytlarimda odamlarning qandaydir yassi buyumlarga barmoqlari bilan urib, ularga nimalardir gapirishlarini hech tushunolmasdim.  Buni ular orasiga yashirincha qilgan tashriflarimdan birida aniqlashga harakat qildim, ammo bu urinishim tufayli halok bo‘lishimga sal qoldi."
69c36d599db923ab5b064cfe,O'rmon bolalari 2: Xavfli do'stlik,ormon-bolalari-2-xavfli-dostlik,,,,,2026,uz,latin,paper,A5,288,0,9789910936265,38000,0,0,False,,5,0,138,25,0,True,False,False,False,simple,old,single,Fantastika; O'smirlar uchun,o'rmon bolalari; ormon bolalari; xavfli do'stlik; xavfli dostlik,img/img-file-90340903b15a675315a41f8fd5bf4b17.jpg,"“Kristall” maktabiga qaytish va do‘stlari bilan qayta uchrashish Karagning eng katta orzusi edi. Axir bu yil uni odamlar dunyosiga va yovvoyi tabiatga qiziqarli sayohatlar kutmoqda. Biroq ashaddiy dushmani Endryu Millingning uni kuzatishda davom etayotgani va yangi tuzoqlar tayyorlayotgani uning maktabdagi baxtli kunlariga raxna solardi. Bu safar Karagga nihoyatda aziz bo‘lgan inson xavf ostida qoladi. Yaqinini qutqarish uchun puma-bolaga yordam kerak, hatto bu ko‘mak maktabdagi asosiy raqibasi Tikaanidan kelsa ham...  Xo‘sh, aslida Tikaani qanday maqsadlarni ko‘zlayapti?"
69c36c5c9db923ab5b064c3c,O'rmon bolalari 1: Karagning evrilishi,ormon-bolalari-1-karagning-evrilishi,,,,,2026,uz,latin,paper,A5,256,0,9789910936258,38000,0,0,False,,5,0,120,48,0,True,False,False,False,simple,old,single,Fantastika; O'smirlar uchun,o'rmon bolalari; ormon bolalari; karagning evrilishi,img/img-file-7e3554d860455aa265119c971d2e5e71.jpg,"Karag ko‘rinishidan oddiy maktab o‘quvchisi. Ammo uncha ko‘zga tashlanmaydigan tashqi ko‘rinishi ortida qandaydir g‘ayrioddiylik yashiringan. Yarim odam, yarim puma - bu sirli yigitcha aslida ana shunday. Unga o‘xshaganlarga odamlar orasida yashash oson emas. Karagning omadi kelib, noodatiy ta’lim maskanida o‘qish imkoniga ega bo‘ldi.  “Kristall” - bu hayvonga aylanish qobiliyatiga ega bo‘lgan o‘smirlar o‘qiydigan maktab. Balki, Karag bu yerda do‘stlar orttirishga muvaffaq bo‘lar? Biroq... Kimdir uni kuzatib yuribdi. U kim o‘zi? Nega bunday qilyapti? Bu holat Karagni xavfli sinovlar kutayotganini bildiradimi?  “O‘smirlar uchun mo‘ljallangan va ajoyib tarzda yozilgan qiziqarli kitob.”"
69c288c69db923ab5b064311,Abdulla Qodiriy (to'plam),abdulla-qodiriy-toplam,,,,,2023,uz,cyrillic,hardcover,A5,2672,0,9789943471276,375000,0,0,False,,5,0,172,5,0,True,False,False,False,simple,old,single,Badiiy adabiyotlar; O'zbek adabiyoti,Abdulla Qodiriy to'plam; Abdulla Qodiriy toplam,img/img-file-6073cfacdcc3e6ef79c227bc3e969d28.jpg,
69c285f69db923ab5b0641c6,Yo'l-yo'l poyjoma kiygan bolakay,yolyol-poyjoma-kiygan-bolakay,,,,,2026,uz,cyrillic,paper,A5,192,0,9789943486836,20000,0,0,False,,5,0,248,37,0,True,False,False,False,simple,old,single,Badiiy adabiyotlar,Yo'l-yo'l poyjoma kiygan bolakay; yol yol poyjoma,img/img-file-8d851477058816b0e1928cad0ad41564.jpg,"Odatda, har bir kitobning avvalida asarning qisqacha mazmuni berilib, u o‘quvchining qiziqishini kuchaytirishga qaratilgan bo‘ladi. Mazkur g‘aroyib roman to‘g‘risida ikki og‘iz gap bilan fikr aytish oson emas.  Ushbu kitobni asardagi voqealarning qanday rivojlanishini oldindan bilmay o‘qigan ma’qul. Sizni Bruno ismli to‘qqiz yashar bolakay bilan birgalikda g‘ayrioddiy va kishini hayajonga soluvchi sayohat kutayotganini aytamiz, xolos. Biroq, bu kitob bolalar uchun mo‘ljallangan emas.  Aksincha, ushbu asarni tikanli sim nimaligidan boxabar odamlar o‘qishi zarurligidan ogoh etish darkor. Brunoning sayohati yo‘lida aynan shunday sim to‘siq paydo bo‘ladi va ro‘y berajak mash’um voqealar kitobxon qalbini larzaga solib, o‘yga toldiradi."
69c283ea9db923ab5b0640ae,"O'qing, ey ayollar!",oqing-ey-ayollar,,,,,2025,uz,cyrillic,paper,A5,176,0,9789910092947,45000,0,0,False,,5,0,174,54,0,True,False,False,False,simple,old,single,Ilmiy-ommabop,"o'qing, ey ayollar; oqing ey ayollar",img/img-file-09441b803663896dbbc3553a496cc418.jpg,"Nadiya Ramazonning “O‘qing, ey ayollar!"" nomli kitobi zamonaviy dunyoda ayollarning o‘rni va ahamiyatiga bag‘ishlangan bo‘lib, ularni ilm olishga, o‘z ustida ishlashga va jamiyatda faol bo‘lishga undaydi. Muallif kitobda ayollarning jamiyatdagi roli, ta’lim olishning ahamiyati, shaxsiy rivojlanish va o‘z maqsadlariga erishish yo‘llari haqida so‘z yuritadi."
69c282739db923ab5b063f5f,Dengiz bo'risi,dengiz-borisi-1,,,,,2026,uz,latin,hardcover,A5,464,0,9789910679803,38000,0,0,False,,5,0,134,2352,0,True,False,False,False,simple,old,single,Badiiy adabiyotlar,dengiz bo'risi; dengiz borisi,img/img-file-f2d809b2ef27152527e0405eb32389b1.jpg,"""Dengiz bo‘risi"" - Jek London qalamiga xos teran falsafiy va dramatik asar bo‘lib, u inson irodasi, hayot ma’nosi va vijdonning qudrati haqidagi shiddatli mulohazalarga to‘la. Asarning bosh qahramoni, ma’rifatparvar Hamfri Van Ueyden dengizdagi halokatdan keyin qutqariladi va ""Arvoh"" nomli kemaga chiqib qoladi. Kemada u Bo‘ri Larsen aqlli, lekin shafqatsiz kema kapitani bilan yuzma-yuz keladi. Bu ikki qahramonning ruhiy to‘qnashuvi butun asarning markaziy nuqtasidir.  Jek London kema muhitidagi so‘zsiz itoat, kuchlining qonuni va ruhiy ozodlik uchun kurashni mahorat bilan tasvirlaydi."
69c281939db923ab5b063ee8,Qora uzuk,qora-uzuk,,,,,2026,uz,latin,paper,A5,160,0,9789910601514,22000,0,0,False,,5,0,118,4526,0,True,False,False,False,simple,old,single,She'riyat,qora uzuk,img/img-file-3cf4d803467d158bcb136124e18b53cc.jpg,
69bbe13b9db923ab5b05f208,Isyon va itoat,isyon-va-itoat,,,,,2025,uz,latin,hardcover,A5,256,0,9789910726675,48000,0,0,False,,5,0,150,23,0,True,False,False,False,simple,old,single,Badiiy adabiyotlar; O'zbek adabiyoti,isyon va itoat,img/img-file-11291c9126da0ae2116b7abc1af237a9.jpg,
69bbe08a9db923ab5b05f147,Yaxshi odamlar,yaxshi-odamlar,,,,,2025,uz,latin,hardcover,A5,432,0,9789910726705,50000,0,0,False,,5,0,96,6,0,True,False,False,False,simple,old,single,Badiiy adabiyotlar; O'zbek adabiyoti,yaxshi odamlar,img/img-file-696bc749f704aa417eed1bbe4ba8a0fc.jpg,"Xalqimizning mashhur adibi, mohir romannavis Ulug'bek Hamdam hikoyanavislikda ham salmoqli ijod qilgan. Hikoyalari ham xuddi romanlaridek o'quvchini xayolot, ruhiyat olamiga yetaklaydi, chuqur o'yga toldiradi, o'tmishni tahlil qildirib, kelajakka ishonch bilan qarashga undaydi.  Masalan, mazkur kitobdan o'rin olgan ""Yaxshi odamlar"" hikoyasi beminnat yaxshilikni ulug'laydi, yovuzlig-u jaholatni, tamagirlig-u laganbardorlikni qoralaydi."
69bbdfb39db923ab5b05f08f,Yolg'izlik,yolgizlik,,,,,2025,uz,latin,paper,A5,112,0,9789910726736,20000,0,0,False,,5,0,120,25,0,True,False,False,False,simple,old,single,Badiiy adabiyotlar; O'zbek adabiyoti,yolg'izlik; yolgizlik,img/img-file-c199f7d6d0be6c5713f100dbda8083a4.jpg,"Ulug‘bek Hamdam “Yolg‘izlik"" qissasining mohiyatida ham xuddi romanlaridagidek insonning o‘z ichki olamini, ruhiyatini tahlil qilishi asosiy o‘rin tutadi, ammo bu qissaning qahramoni ""Yolg‘iz"". Uning ismi, o‘tmishi ham, maqsadi-umidi ham, ertangi kuni ham ""Yolg‘iz"". Inson hayotida yolg‘izlikning qanchalar katta ahamiyatga va bemisl kuch-qudratga ega ekanligi asar boshlanishidan to oxirigacha batafsil yoritilgan. Muallif insonlarning ko‘nglini, qalbini, dunyoqarashini risoladagidek yoritishga shunchalar uringanki, kitobxon bu asarning badiiy asar ekanligiga shubhalanib qoladi. Asar qahramoni haqida gapiradigan bo‘lsak, xuddi asar nomidek mavhum: ismsiz, kimligi noma’lum, lekin oilasi bor...  Asarni o‘qir ekansiz, ""Yolg‘izlik”ning ismsiz, qiyofasiz, qahramonini makonsiz, zamonsiz arosatga tushib qolgan odamga o‘xshatasiz! Ha, asardagi barcha mulohazalar, o‘y- fikrlar arosatda qolgan insonniki ekanligi shubhasiz."
69bbde879db923ab5b05efd7,Qishga aylangan bahorim,qishga-aylangan-bahorim,,,,,2025,uz,latin,hardcover,A5,204,0,9789910562280,60000,0,0,False,,5,0,80,0,0,True,False,False,False,simple,old,single,Badiiy adabiyotlar; O'zbek adabiyoti,Qishga aylangan bahorim,img/img-file-ae328c9e9996390d778f36eeea74b8b5.jpg,
69bbdba09db923ab5b05eeb5,O'gay ona,ogay-ona,,,,,2022,uz,latin,paper,A5,192,0,9789943534629,18000,0,0,False,,5,0,100,22,0,True,False,False,False,simple,old,single,Badiiy adabiyotlar,o'gay ona; ogay ona,img/img-file-c3946256a904478dfe04229bc5935906.jpg,"Nega endi o'n sakkizga kirgan, husni odobi beqiyos go'zal bo'lgan qiz ko'plab sovchilar orasida xotini o'lgan ikki bolali erkakni tanlaydi va unga turmushga chiqdi? Ahmad Lutfiy Qozonchining ""O'gay ona "" asarida mana shu haqida hikoya qilinadi. Butun oilsi, qarindosh-urug'i qizni bu qaroridan qaytarishga urinishadi. Nega aynan ikki bolali erkak. Balki yigitning katta boyligi bordir, balki qiz uni ko'rib yoqtirib qolgandir. Yo'q asl sabab boshqa..."
69bbdaac9db923ab5b05edf7,Bemor,bemor,,,,,2019,uz,latin,paper,A5,112,0,9789943466081,15000,0,0,False,,5,0,84,42,0,True,False,False,False,simple,old,single,Badiiy adabiyotlar; O'zbek adabiyoti,bemor,img/img-file-a8af58189dfdeee6b91c655e17056932.jpg,
69bbd9e69db923ab5b05ed45,Oysiz tunlar,oysiz-tunlar,,,,,2025,uz,cyrillic,hardcover,A5,160,0,9789910828881,50000,0,0,False,,5,0,102,17,0,True,False,False,False,simple,old,single,Badiiy adabiyotlar; O'zbek adabiyoti,oysiz tunlar,img/img-file-d38134452d24e724a275ead9f13bc44a.jpg,"Nodirabegim Ibrohimova sermahsul ijodkor. Mazkur kitobga muallifning oxirgi yillarda yaratgan qissa, hikoya va esselari kiritilgan. Asarlarda inson taqdiri, zamon va jamiyatdagi turli ziddiyatlar, mehr va muhabbat, insoniy qadriyatlar, orzu va intilishlar ta’sirchan uslubda yoritilgan.  Muallif o‘z qahramonlarining ruhiy olamini chuqur ko‘ra oladi, parning his-tuyg‘ularini samimiy ifoda etadi. Har bir hikoya va qissada hayotning turli pallalari, ijtimoiy va ma’naviy masa- lalarning o‘ziga xos talqini namoyon bo‘lib, o‘quvchi qalbida hamohang fikr va tuyg‘ular uyg‘otadi. Kitobdagi asarlar ravon tilda yozilgan bo‘lib, o‘zbek adabiyotidagi zamonaviy izlanishlarning bir ko‘rinishi sifatida qiziqish uyg‘otadi. Shuningdek, ular nafaqat badiiy zavq bag‘ishlaydi, balki hayot haqida mulohaza yuritishga, inson qadri va ma’naviyatini anglashga chorlaydi."
69bbd5b29db923ab5b05ec60,Taraddud,taraddud,,,,,2021,uz,cyrillic,paper,A5,248,0,9789943656178,35000,0,0,False,,5,0,98,1,0,True,False,False,False,simple,old,single,Badiiy adabiyotlar; O'zbek adabiyoti,taraddud,img/img-file-3deef40ba0248e40946f9036a0d0ef74.jpg,"Vaqt shiddat bilan o‘tib bormoqda. Bugun nima voqealar bo‘lganini anglab ulgurmay ertangi kunning tongi otmoqda. Bo‘lgan voqea-hodisalardan xulosa chiqarish, bir to‘xtamga kelish, javob topish uchun vaqt kerak bo‘lib qolmoqda.  Muhammad Ismoilning ushbu kitobida bugungi kunning otash nafasi, o‘ylari, og‘riqlari, kechinmalari va o‘ziga xos xulosalari aks etgan. Har bir inson bu dunyoga kelar ekan, albatta, uning bu hayot haqida aytar so‘zlari bo‘ladi. Ushbu kitob orqali Muhammad Ismoil ham o‘z so‘zlarini aytmoqda. Marhamat, so‘zlarini o‘qib ko‘ring. Balki, u, sizga ma’qul tushar. Balki, u, sizning ko‘nglingizdagi so‘zlarni yozgandir. Agar shunday bo‘lsa, biz ushbu kitobni chop etib yanglishmagan bo‘lamiz. zamondoshingizning  Har holda ushbu kitob ezgulik sari ""Taraddud""dir!"
69bbaf039db923ab5b05de4a,Turon malikasi,turon-malikasi,,,,,2024,uz,latin,paper,A5,416,0,9789910726354,30000,0,0,False,,5,0,98,5,0,True,False,False,False,simple,old,single,Badiiy adabiyotlar; O'zbek adabiyoti,turon malikasi,img/img-file-62a8701347fcfba44968052a2df6f0bf.jpg,"O‘zbekiston xalq yozuvchisi Mirmuhsinning yangi tarixiy romani ""Turon malikasi"" XI-XII asrlardagi Xorazm shohi A’loiddin Muhammad Otsiz davridagi voqealarni o‘z ichiga oladi. Unda xalqlarning Turonzaminni Saljuqiylar tobeligidan ozod qilish uchun olib borgan keskin kurashlari, ikki buyuk daryo oralig‘idagi Samarqand, Buxoro, Shosh, Gurganj, Kesh, Termiz, Xo‘jand, Xeva-yu O‘tror kabi shaharlarni yuksaltirish, bir- birlari bilan yaqinlashuvi yo‘lidagi fidoyiliklari yorqin bo‘yoqlarda tasvirlanadi.  Asar qahramonlari amir Alp-Arslon bilan Shohsanamlarning samimiy sevgisiga bag‘ishlangan hayajonli lavhalar o‘quvchi ruhiyatiga ajoyib kayfiyatlar olib kiradi."
69bbae409db923ab5b05dd92,Меьмор,memor,,,,,2023,uz,latin,paper,A5,416,0,9789910750144,0,0,0,False,,5,0,132,39,0,True,False,False,False,simple,old,single,Badiiy adabiyotlar; O'zbek adabiyoti,Me'mor; Memor; moysklad:b26b371a-c292-11ef-0a80-0c6900055c6a; moysklad:7ca1e976-3743-11ee-0a80-13c6000438a0,img/img-file-2dc667a57537e5e0baa4a2fc5017e89e.jpg,"O‘zbekiston xalq yozuvchisi, Daviar mukofoti laureati Mirmuhsin Mirsaidov ushbu romanida o‘tmish me’morlarining hayoti, beqiyos san’ati va o‘sha zamon ziddiyatlarini tasvirlagan, XV asrda Movarounnahr va Xurosonda me’morchilik san’atining mislsiz rivojlanganini, obidalar va tarixiy yodgorliklarni me’mor-u muhandislar bilan birga xalq qurganini keng hikoya qilgan.  Asarda nafaqat me’morchilik san’ati, balki o‘sha davrdagi shohlar va shahzodalar orasida munosabat, avom xalqning qanchalar qiyin ahvolda ekanligi yorqin misollar bilan tasvirlab berilgan.  Shuningdek, asarning asosiy qahramonlari Najmiddin Buxoriy, Badia, Zavrak, G‘avvoslar obrazi orqali insoniy munosabat, adolat mezonlari, Vatan saodati, sevgi-sadoqat, shuningdek, onalik muhabbati ham yorqin uslubda tasvirlangan."
69bbad259db923ab5b05dcf1,Xo'jand qal'asi,xojand-qalasi-1,,,,,2024,uz,latin,paper,A5,544,0,9789910750328,29000,0,0,False,,5,0,90,31,0,True,False,False,False,simple,old,single,Badiiy adabiyotlar; O'zbek adabiyoti,Xo'jand qal'asi; Xojand qalasi,img/img-file-e82c55c3537a9a5d02ce6711b8af475d.jpg,"O‘zbekiston xalq yozuvchisi Mirmuhsin Mirsaidov ""Xo‘jand qal’asi"" romanida Movarounnahrga bostirib kelgan mo‘g‘ullarga qarshi kurashgan, xalqni oyoqqa turg‘izgan, dovyurak vatanparvarlardan biri Xo‘jand qal’asi hokimi, sarkarda Temur Malik obrazini yoritadi.  Temur Malik bahodirlik ko‘rsatib mo‘g‘ullarga qarshi jang qilsa-da, kuchlari dushmannikidan juda oz bo‘lganligi uchun orolni tashlab ketishga majbur bo‘lganligidan iztirob chekkanligiga guvoh bo‘lasiz.  Tarixchi Juvayniyning yozishicha, bu dovyurak vatanparvar sarkarda umrining oxirigacha mo‘g‘ullarga qarshi kurashadi. Urganchga kelganidan keyin shahzoda Jaloliddin Manguberdi bilan birga Xorazm qo‘shiniga boshchilik qilib, Jo‘jixon qo‘shiniga qarshi muvaffaqiyatli jang qiladi. Hatto mo‘g‘ullardan Sirdaryoning quyi oqimidagi Yangikent shahrini qaytarib oladi. Shuningdek, asarda insoniy munosabatlar, adolat mezonlari, Vatan saodati, sevgi-sadoqat, do'stlik rishtalari yorqin uslubda tasvirlangan. Ayniqsa, Jaloliddin Manguberdi va Temur Malikning do'stligi, Temur Malik va Nigina beka ishqiy munosabatlari qalblarni hayajonlantiradigan tarzda ifodalangan."
69bbac249db923ab5b05dc25,Bo'ronlarda bordek halovat,boronlarda-bordek-halovat,,,,,2023,uz,latin,hardcover,A5,320,0,9789910750083,30000,0,0,False,,5,0,74,2,0,True,False,False,False,simple,old,single,Badiiy adabiyotlar; O'zbek adabiyoti,bo'ronlarda bordek halovat; boronlarda bordek halovat,img/img-file-40673ca9bc5aa3bd6c6027c6187930a1.jpg,"Asqad Muxtorning ushbu qissasi yuzaki qaraganda hayot bo‘ronlari, sahro bo‘ronlari bilan yuzma-yuz turib, kurashib, yengib yashagan, sahro-cho‘ldan oltin izlagan inson - Mardonqul Zargarov haqida yozilganday tuyuladi. Lekin asarni diqqat bilan o‘qib chiqsangiz, unda asar yozilgan davrning bir qancha ijtimoiy muammolari ham ko‘rsatilganligiga guvoh bo‘lasiz.  Bunga misol qilib ma’lum bir jinoyati uchun ozodlikdan mahrum bo‘lib, o‘z aybini xalq-yurt farovonligi yo‘lida o‘tashga harakat qilgan yoki o‘z mansabidan foydalanib yurt boyligini talon-taroj qilayotgan insonlarning ham kirdikorlari ochib berilgan.  Shuningdek, asarda asosiy e’tibor insonning qadr-qimmati, muhabbati, er-xotin munosabatlariga qaratilgan desak ham mubolag‘a bo‘lmaydi. Buni ushbu asardan yig‘ilgan «Yon daftarga muhrlanuvchi bitiklar»da ham ko‘rish mumkin."
69bbab1c9db923ab5b05db58,Davr mening taqdirimda,davr-mening-taqdirimda,,,,,2024,uz,latin,paper,A5,448,0,9789910750380,25000,0,0,False,,5,0,80,15,0,True,False,False,False,simple,old,single,Badiiy adabiyotlar; O'zbek adabiyoti,davr mening taqdirimda,img/img-file-5c9c5936eba84303fbb12eba451be60d.jpg,"Xalqimizning ulug‘ adibi Asqad Muxtorning ""Davr mening taqdirimda"" asari iqror-roman bo‘lib, unda bunyodkor, tinchlik uchun kurashuvchi insonlarning timsoli yoritilgan.  Muallif ushbu romanida istibdod davrining xunrezliklarini, urush dahshatlarini, mardlikni, urushning achchiq haqiqatlarini, insoniylikni tasvirlaydi...  Shuningdek, ishq-muhabbatning naqadar ulug‘ ne’mat ekanligi asarning Ahmadjon va So‘nagul obrazlari orqali yorqin namoyon etilgan."
69bbaa5f9db923ab5b05daa8,Buxoroning jin ko'chalari,buxoroning-jin-kochalari,,,,,2024,uz,latin,paper,A5,192,0,9789910750403,23000,0,0,False,,5,0,94,26,0,True,False,False,False,simple,old,single,Badiiy adabiyotlar; O'zbek adabiyoti,buxoroning jin ko'chalari,img/img-file-7a0813b2d1dac098f54765f0baf32130.jpg,"Xalqimizning ulug‘ adibi Asqad Muxtor ushbu asari - ""Buxoroning jin ko‘chalari"" tarixiy qissasida Buxoro jadidchiligining faol ishtirokchisi, ""Yosh buxoroliklar"" partiyasining rahbarlaridan biri, Vatanimizning mustaqilligi uchun kurashgan, Fitrat, Cho‘lpon, Abdulla Qodiriy va boshqa o‘zbek ziyolilariga g‘amxo‘rlik qilgan atoqli davlat va siyosat arbobi Fayzulla Xo‘jayevning (1896-1937) o‘smirlik yillarini tasvirlaydi.  Asar voqealari XX asrning boshida bo‘lib o‘tadi, lekin muallifni ko‘proq o‘sha davrning hozirgi zamon muammolariga hamohang masalalari qiziqtiradi. Bu muammolar asosan yoshlar tarbiyasiga aloqador bo‘lgan ijtimoiy-iqtisodiy qiyinchiliklar, iymon-e’tiqod, katta maqsadlar yo‘lida shaxsiy manfaatlardan kecha bilish, shaxs ma’naviyati, el-yurt mehri, vatan ozodligi, adolatsizlikka qarshi kurash kabilardir."
69bba9709db923ab5b05d9e9,Qadrdon dalalar,qadrdon-dalalar,,,,,2025,uz,latin,hardcover,A5,224,0,9789910863059,35000,0,0,False,,5,0,86,31,0,True,False,False,False,simple,old,single,Badiiy adabiyotlar; O'zbek adabiyoti,qadrdon dalalar,img/img-file-5232ddf1397aacef62b9ddde4fe16141.jpg,"Asarning nomini o‘qigandayoq ko‘ngilga yorug‘lik oqib kirgandek bo‘ladi. Bepayon dalalarga boqqan kishining diliga ajib ohanglar quyiladi go‘yo. Qissada Po‘latxon va Nazokatning beg‘ubor sevgisi hikoya qilingan. Po‘latjon urushdan qahramon bo‘lib, bir oyog‘idan ajralib qaytgan. Lekin Nazokat yigitning bir oyog‘i yo‘qligini bilsa ham undan ajralmaydi...  Ushbu qissa O‘zbekiston xalq yozuvchisi, O‘zbekiston qahramoni Said Ahmad qalamiga mansub.  Shuningdek, to‘plamdan adibning turli yillarda yozilgan hikoyalari ham o‘rin olgan."
69bba8a29db923ab5b05d934,Tubsizlik (ikkinchi kitob),tubsizlik-ikkinchi-kitob,,,,,2025,uz,cyrillic,paper,A5,532,0,9789910836732,120000,0,0,False,,5,0,90,9,0,True,False,False,False,simple,old,single,Badiiy adabiyotlar; O'zbek adabiyoti,tubsizlik,img/img-file-f3fadd03e1adf2f5420dcf8e898edc50.jpg,"Sizga havola etilayotgan ushbu asar ""Tubsizlik"" romanining uchinchi fasli bo‘lib, undagi voqeliklar birinchi kitobning mantiqiy davomi hisoblanadi. Birinchi kitobda siz XX asrning eng buyuk saltanatlaridan biri inqirozga uchrashi sabablari bilan tanishgandingiz. Saroy fitnalari va siyosiy o‘yinlar natijasida yuz bergan voqealar alaloqibat ""qizil imperiya""ni falajlik botqog‘i sari yetakladi. Buning natijasi o‘laroq bu mamlakatda istiqomat qiluvchi yuzdan ortiq millat va elat vakillari parokandalikka yuz tutdilar. Shu jumladan, ikki qardosh xalq – o‘zbek va qachonlardir qatag‘onga uchragan mesxeti-turklari ham bu siyosiy nayranglarning qurboniga aylandilar. Muallif asarda ularning ayanchli va fojeali taqdirlarini xolisona ochib berishga intiladi..."
69bba7c79db923ab5b05d860,Erkin A'zam ijodi: tahlil va talqin,erkin-azam-ijodi-tahlil-va-talqin,,,,,2025,uz,cyrillic,hardcover,A5,280,0,9789910825705,80000,0,0,False,,5,0,80,41,0,True,False,False,False,simple,old,single,Ilmiy-ommabop,Erkin A'zam; Erkin Azam ijodi,img/img-file-8b79b492636ba46aa473a0d709ed6d48.jpg,"O‘zbekiston xalq yozuvchisi Erkin A’zam tavalludining yetmish besh yilligi munosabati bilan tartib berilgan ushbu to‘plamda atoqli adib shaxsi va qalami haqidagi yangi fikrlar, xulosalar hamda poetik ahamiyatga molik talqinlar bayon etilgan.  To‘plam tadqiqotchi-filologlar, magistrantlar, talabalar hamda Erkin A’zam ijodi ixlosmandlariga asqatishi shubhasiz."
69bba68d9db923ab5b05d77d,кеча ва кундуз,kecha-va-kunduz-2,,,,,2023,uz,latin,paper,A5,304,0,9789910981609,12000,0,0,False,,5,0,130,79,0,True,False,False,False,simple,old,single,Badiiy adabiyotlar; O'zbek adabiyoti,kecha va kunduz; moysklad:c4964f93-d97c-11ef-0a80-0fd400133f33,img/img-file-69ae998b5cb73d6f68b80a00e23a667d.jpg,"„Kecha va Kunduz"" XX asr o‘zbek realistik adabiyotining yetuk namunasi. Asarda o‘zbek xalqining o‘tmishdagi eng og‘ir damlari qalamga olingan. Zero, inson qismatiga befarqlik bilan qarashday zulm dunyoda yo‘q. Cho‘lpon mana shu zulmga qarshi kurashdi. Zebi obrazi orqali insonning yetuk yaratiq ekanligini, u eng go‘zal qismatga munosib ekanligini ko‘rsatib berdi."
69bba5939db923ab5b05d6aa,Oqbo'yin,oqboyin,,,,,2025,uz,latin,paper,A5,224,0,9789910875496,35000,0,0,False,,5,0,70,24,0,True,False,False,False,simple,old,single,Badiiy adabiyotlar; O'zbek adabiyoti,oqboyin; oqbo'yin,img/img-file-3c0224ea7eeedfcf6e24d19147402fe6.jpg,"""Oqbo‘yin"" qissasida hayvonlar obrazida insoniy fazilatlar chuqur ochib beriladi. Oqbo‘yin, uning onasi, Olapar, Malla, To‘rtko‘z kabi itlar orqali yozuvchi hayvonlarning ham tuyg‘uli mavjudot ekanini ko‘rsatadi. Bu holat ayniqsa Oqbo‘yinning onasida yorqin tasvirlangan. U har gal mehmonlar kelgach, u bezovta bo‘ladi, g‘ingshib chiqadi. Chunki oldingi safar bolalaridan biri yo‘qolgan. Farzanddan ayrilish hayvonga ham azob ekanini ko‘rsatadi bu holat.  Oqbo‘yin esa ziyrak, sabrli, g‘ururli va izzat-nafsli it sifatida gavdalanadi. Podachining qattiq muomalasiga bardosh beradi, lekin or-nomusini yo‘qotmaydi. Karim podachining unga nisbatan zo'ravonligi, tahdidlari o'quvchida salbiy taassurot qoldiradi. Yozuvchi bu obraz orqali shafqatsiz, tabiatga befarq kishilarga tanqidiy munosabat bildiradi. Rasul esa aksincha, mehrli, halol va sadoqatli inson sifatida tasvirlanadi. U Oqbo'yin kasal bo'lganda unga yordam berish uchun jon-jahdi bilan harakat qiladi. Do'xtirni olib keladi, evaziga xizmat qilishga ham tayyor. Bu do'stlik samimiy va ta'sirli tasvirlangan.  Asarning ayni shu syujetlari o'quvchilarga kuchli ta'sir ko'rsatadi, chunki inson va hayvonlar o'rtasidagi sof va samimiy do'stlik yosh avlod qalbida yaxshilik, ezgulik hislarini yanada jo'sh urishiga sabab bo'ladi."
69bba2c39db923ab5b05d404,Temir xotin,temir-xotin,,,,,2024,uz,latin,paper,A5,128,0,9789910750502,15000,0,0,False,,5,0,168,75,0,True,False,False,False,simple,old,single,Badiiy adabiyotlar; O'zbek adabiyoti,temir xotin,img/img-file-0a945c5ad0c75f3e435d82ad03462878.jpg,"Ushbu kitobdan Sharof Boshbekovning ""Temir xotin"" komediyasi ""Falakning gardishi” kinoqissasi va ""Mening yozuvchi boʻlganim"" biografik hajviyasi o'rin olgan.  Umid qilamizki, adibning komediya va hajviyasini oʻqiganingizdan keyin, adibning oʻzi aytganidek, yuzingizda nihoyatda shirin, huzurbaxsh, iliq va yoqimli kulgi paydo boʻladi.  “Falakning gardishi” kinoqissasini mutolaa qilar ekansiz, muhabbatga, adolatga, halollikka boʻlgan ishonchingiz yuksalishiga shak-shubhamiz yoʻq."
69bba1be9db923ab5b05d305,Yuragimda sensan...,yuragimda-sensan,,,,,2025,uz,latin,hardcover,A5,208,0,9789943828186,32000,0,0,False,,5,0,50,19,0,True,False,False,False,simple,old,single,O'zbek adabiyoti,yuragimda sensan,img/img-file-dac45851f3530434c679764b92c91a76.jpg,"""Ishq-muhabbat"" deya atalmish ajib sinoatlar ko'chasidan bir bor o'tmagan, ta'bir joiz boʻlsa, uning chorrahalarida qoqilib tushmagan, ko'chaning past-u balandini ko'rib voyaga yetmagan insonlar topilmasa kerak oramizda...  Nashriyotning ""Ishqiy sarguzashtlar"" deb nomlangan, sun'iy intellekt yordamida nashrga tayyorlangan turkum kitoblarning ilk mahsuli aynan shu ""ko'cha""ning hozirgi mehmonlariga atalgan. Uni barcha sevib-sevilganlar mutolaa qilishlari mumkin."
69ba84d39db923ab5b05b833,Ikki eshik orasi,ikki-eshik-orasi-9,,,,,2023,uz,latin,paper,A5,560,0,9789943746268,25000,0,0,False,,5,0,344,2,0,True,False,False,False,simple,old,single,Badiiy adabiyotlar; O'zbek adabiyoti,ikki eshik orasi,img/img-file-d8180328f1adaf5f1cae897b413de77b.jpg,"""Ikki eshik orasi"" romani Ikkinchi jahon urushi bilan bog‘liq tarixiy voqealarning o‘zbek jamiyati va alohida shaxslar taqdiriga ko‘rsatgan ta’sirini badiiy asosda tadqiq etadi. Asarda urushning global insoniy xavf sifatidagi mohiyati, uning milliy hayotga yetkazgan ijtimoiy-madaniy va ma’naviy oqibatlari muallif tomonidan hayotiy obrazlar orqali yoritilgan. Asar o‘zbek adabiyotida vatanparvarlik, fidoyilik va insonparvarlik kabi mavzularni ilmiy-badiiy qiyofada ifoda etuvchi muhim namuna sifatida baholanadi. O‘tkir Hoshimov ijodining salmoqli qismi bo‘lgan ushbu roman tadqiqotchilar, talabalar va umumiy kitobxonlar uchun qimmatli adabiy-tarixiy manba vazifasini o‘taydi."
69ba83ec9db923ab5b05b6ea,Ot kishnagan oqshom,ot-kishnagan-oqshom-2,,,,,2019,uz,latin,paper,A5,216,0,9789943531604,18000,0,0,False,,5,0,1060,74,0,True,False,False,False,simple,old,single,Badiiy adabiyotlar; O'zbek adabiyoti,ot kishnagan oqshom,img/img-file-ff251b57087c137fc79b48ba9a92bcd8.jpg,"Tog'ay Murodning asarlarini nasrdagi poeziya deyishadi. Uning poetik til bilan yozilgan ""Ot kishnagan oqshom"" qissasini o'qisangiz bunga yana bir bora amin bo'lasiz. Ular she'rday o'qiladi, katta bir asardek taassurot qoldiradi. ""Oti bor odamning qanoti bor"" deydi yozuvchi. Yozuvchining badiiy mahorati, jonivor bilan oʻzaro suhbatlashuv uslubi asar oxirigacha sizni oʻzidan uzoqlashtirmaydi."
69ba82b79db923ab5b05b621,Дунёнинг ишлари,dunyoning-ishlari-7,,,,,2024,uz,latin,paper,A5,224,0,9789943887909,13000,0,0,False,,5,0,1112,212,0,True,False,False,False,simple,old,single,Badiiy adabiyotlar; O'zbek adabiyoti,dunyoning ishlari; moysklad:2fcbd731-adc0-11ec-0a80-05b6004c2aa1,img/img-file-8f71639ed399782f11dd14db854029a4.jpg,"Odam ko‘pincha o‘z yaqinlarining qadriga yetmaydi. Ayniqsa onaning qadrini bilmaslik yosh o‘tganda pushaymonlik keltirishi mumkin. Shu ma’noda ""Dunyoning ishlari"" asarini kishi ulg‘ayganda tuyadigan ona armoni deyish mumkin. Asardan paydo bo‘ladigan katta xulosa ham aslida shu. Shu bilan birga asar dunyoning, yaqin insonlarning qadriga yetishga, hayotning ma’no-mazmunini teranroq anglashga, ona oldidagi farzandlik burchi va mas’uliyatini tuyishga o‘rgatadi. ""Dunyoning ishlari"" yuqorida aytilgan sababi tufayli qo‘ldan qo‘ymay o‘qilayotgan bo‘lsa kerak ehtimol."
69ba81d29db923ab5b05b4f6,Ikki eshik orasi,ikki-eshik-orasi-8,,,,,2026,uz,latin,hardcover,A5,672,0,9789910847141,50000,0,0,False,,5,0,984,2341,0,True,False,False,False,simple,old,single,Badiiy adabiyotlar; O'zbek adabiyoti,Ikki eshik orasi,img/img-file-ece24dd2de440ff7003a52f2df61da8a.jpg,"""Ikki eshik orasi"" romani Ikkinchi jahon urushi bilan bog‘liq tarixiy voqealarning o‘zbek jamiyati va alohida shaxslar taqdiriga ko‘rsatgan ta’sirini badiiy asosda tadqiq etadi. Asarda urushning global insoniy xavf sifatidagi mohiyati, uning milliy hayotga yetkazgan ijtimoiy-madaniy va ma’naviy oqibatlari muallif tomonidan hayotiy obrazlar orqali yoritilgan.  Asar o‘zbek adabiyotida vatanparvarlik, fidoyilik va insonparvarlik kabi mavzularni ilmiy-badiiy qiyofada ifoda etuvchi muhim namuna sifatida baholanadi. O‘tkir Hoshimov ijodining salmoqli qismi bo‘lgan ushbu roman tadqiqotchilar, talabalar va umumiy kitobxonlar uchun qimmatli adabiy-tarixiy manba vazifasini o‘taydi."
69ba80639db923ab5b05b39f,Adolat manzili,adolat-manzili,,,,,2024,uz,latin,paper,A5,224,0,9789910928895,20000,0,0,False,,5,0,754,24,0,True,False,False,False,simple,old,single,Badiiy adabiyotlar; O'zbek adabiyoti,adolat manzili,img/img-file-a66070a239009cefb1f1743cfe8db156.jpg,"O‘zbekiston xalq yozuvchisi Odil Yoqubov roman janrida samarali ijod qilgan adiblardan biridir. „Adolat manzili"" romanida o‘tgan asrning saksoninchi yillarida yuz bergan voqealar qalamga olingan. Asar qahramonlari Oltinoy va Suyun burgut bir-birlariga ko‘ngil qo‘yib turmush qurgan. Suyun burgut sovxozga rahbar bo‘ladi-yu, ularning oilasi boshiga falokat yog‘iladi...  „Adolat manzili"" romani sizdek umriazizlarning sevimli asarlari qatoridan o‘rin olishiga ishonamiz."
69ba7f499db923ab5b05b26d,"Qaydasan, Moriko?",qaydasan-moriko,,,,,2024,uz,latin,paper,A5,128,0,9789943943995,15000,0,0,False,,5,0,118,65,0,True,False,False,False,simple,old,single,Badiiy adabiyotlar,"Qaydasan, Moriko?",img/img-file-46663e1d4c4f86e0ebec8add4bda537e.jpg,"O‘zbekiston xalq yozuvchisi Odil Yoqubov ko‘plab roman, qissa, pyesalari bilan o‘zbek adabiyoti rivojiga munosib hissa qo‘shgan. Shuningdek, adib hikoya janrida ham samarali qalam tebratgan.  Odil Yoqubov qaysi mavzuga qo‘l urmasin insonlarning taqdiri, o‘y-fikrlari, voqea-hodisalarni badiiy tarzda betakror lavhalar bilan tasvirlaydi.  Ushbu to‘plam ijodkorning eng yaxshi hikoyalaridan saralandi.  Ishonamizki, ushbu to‘plam siz mutolaasevarlar uchun munosib tuhfa bo‘ladi."
69ba7e7f9db923ab5b05b1c7,"Oq qushlar, oppoq qushlar",oq-qushlar-oppoq-qushlar,,,,,2024,uz,latin,paper,A5,416,0,9789910928871,25000,0,0,False,,5,0,110,12,0,True,False,False,False,simple,old,single,Badiiy adabiyotlar; O'zbek adabiyoti,oq qushlar,img/img-file-8d2823196813306491f8c507551cefb0.jpg,"Shorahim shovvozning turmush o'rtog'i Oysuluv betob bo'lib qoladi. Shovvoz ayolini qanchalik sevmasin ana-mana deydi, bugun- erta deydi-yu, ayolini shifokorga olib borishga ulgurmaydi. Shorahim shovvozning keyingi pushaymonlari esa o'rinsiz. Do'sti Muzaffarning o'g'li esa ayni oʻta og'ir damlarda uni brigadirlikdan bo'shatadi.  O'zbekiston xalq yozuvchisi Odil Yoqubovning ushbu romani sizning ham ko'ngil mulkingizdan, ham kitob javoningizdan joy olishiga ishonamiz."
69ba7d529db923ab5b05b114,Billur qandillar,billur-qandillar,,,,,2024,uz,latin,paper,A5,128,0,9789910928833,15000,0,0,False,,5,0,104,30,0,True,False,False,False,simple,old,single,Badiiy adabiyotlar; O'zbek adabiyoti,billur qandillar,img/img-file-1b7476930bc8398d6ff91c1c662241c0.jpg,"Odil Yoqubovning „Billur qandillar"" qissasida Hikmatilloning beg‘ubor sevgisi, orzu-armonlari tasvirlangan. Paxta yig‘im-terimi paytida Nilufar ismli qizni yaxshi ko‘rgan yigit soddaligi, beg‘uborligi bois sizning ham mehringizning qozonadi. Nilufar ko‘p kitob o‘qigan, shaddod va aqlli qiz. Hikmatilloni izlab kelgan qizni Begimqul kutib oladi-yu, Nilufarni yaxshi ko‘rib qoladi. Qiz ham uning xushomadlariga uchib, Begimqulga turmushga chiqadi. Oqibatda esa...  Yozuvchining eng yaxshi qissa va hikoyalaridan saralangan ushbu to‘plam sizga ma’qul bo‘lishiga ishonamiz."
69ba7c719db923ab5b05b06f,Диёнат,diyonat-4,,,,,2024,uz,latin,paper,A5,416,0,9789910928925,22000,0,0,False,,5,0,94,24,0,True,False,False,False,simple,old,single,Badiiy adabiyotlar; O'zbek adabiyoti,diyonat; moysklad:2fb80df5-adc0-11ec-0a80-05b6004c2a91,img/img-file-0387fdb4aaecb329d02b9a7bbe723547.jpg,"„Diyonat"" romani O‘zbekiston xalq yozuvchisi Odil Yoqubovning eng yaxshi asarlaridan biridir. Roman boshidayoq muallif jumboqli voqeani tilga oladi.  Otaqo‘zining o‘g‘li Jabbor akaning sevgisiga xiyonat qilgan ayol- ning qizini, qizi esa o‘sha ayolning o‘g‘lini yaxshi ko‘radi. Ota hayron. Ularning nikohiga rozi bo‘lay desa, tog‘asi bilan yuz ko‘rmas bo‘lib ketadi. Nima qilish kerak?!  O‘z davrida millionlab kitobxonlarning mehrini qozongan ushbu roman sizga ham ma’qul bo‘lishiga ishonamiz."
69ba7b379db923ab5b05afb9,Shohruh va Gavharshod,shohruh-va-gavharshod,,,,,2024,uz,latin,paper,A5,288,0,9789910944888,18000,0,0,False,,5,0,116,16,0,True,False,False,False,simple,old,single,Badiiy adabiyotlar; O'zbek adabiyoti; Tarixiy,Shohruh va Gavharshod,img/img-file-f1eb4461e4ef751fec1826aa83795a47.jpg,"Sohibqiron Amir Temur barpo etgan ulkan saltanat vafotidan so'ng, vorislar oʻrtasidagi oʻzaro ziddiyat tufayli parchalanib ketadi. Har bir Temuriyzoda o'zi o'rnashgan hududni saqlab qolib, Samarqand taxtini egallashga urinadi. Ichki kurash har bir mulkdagi iqtisodiy- ijtimoiy ahvolga putur yetkazadi. Aholi bunday boshboshdoqliklardan ko'p aziyat chekadi.  Mana shunday ogʻir vaziyatda Shohruh Mirzo imkon qadar otasidan qolgan mamlakatni ulug'vor holda saqlab qolishga intiladi. Davlatning oxiri ko'rinmas og'ir ishlarida Gavharshod begim unga har tomonlama yordam beradi. Asarda hukmron oilaning mamlakatdagi oliy maqomidan boʻlak, oddiy inson sifatidagi fazilatlari ham mahorat bilan qalamga olinadi."
69ba79939db923ab5b05aeb4,Ko'hna dunyo,kohna-dunyo-4,,,,,2024,uz,latin,paper,A5,384,0,9789910928857,23000,0,0,False,,5,0,86,53,0,True,False,False,False,simple,old,single,Badiiy adabiyotlar; O'zbek adabiyoti,Ko'hna dunyo,img/img-file-8f263495cd4103da6408465e0c6c34c6.jpg,"O‘zbekiston xalq yozuvchisi Odil Yoqubov o‘zining tarixiy romanlari bilan nafaqat o‘zbek kitobxonlari, balki chet ellik kitobxonlarning ham mehrini qozongan.  Adib „Ko‘hna dunyo"" romanida ikki buyuk olimning bolaligi, ijtimoiy muhit, yoshlik yillari, ilk sevgisidan tortib, daho ijodkorga aylanguncha bo‘lgan davrni jonli va rangli bo‘yoqlarda tasvirlaydi. Ularning ilm-fan taraqqiyotiga qo‘shgan buyuk ishlarini umumlashtirishga harakat qiladi. Har ikki ulug‘ ajdodimizning hayoti va ilm-fan rivojiga qo‘shgan hissasini badiiy obrazlarda aks ettirgan ushbu asar bugungi kun o‘quvchisini befarq qoldirmaydi, degan umiddamiz."
69ba78669db923ab5b05ad4c,Yulduzlar mangu yonadi,yulduzlar-mangu-yonadi-5,,,,,2024,uz,latin,paper,A5,136,0,9789943758599,18000,0,0,False,,5,0,70,19,0,True,False,False,False,simple,old,single,Badiiy adabiyotlar; O'zbek adabiyoti,yulduzlar mangu yonadi,img/img-file-ac6fcb68449bbd53a657dbc846613e30.jpg,"Ushbu kitob O‘zbekiston xalq yozuvchisi, Abdulla Qodiriy nomidagi Davlat mukofoti sovrindori Tog‘ay Murodning ilk, ammo allaqachon xalqimizning ko‘ngil mulkiga aylangan, hozirga qadar bir necha avlod kitobxonlari dillariga milliy g‘urur-iftixor, oriyat tuyg‘ularini singdirib, yoshlarimizni asl vatanparvarlik ruhida tarbiyalab kelayotgan, go‘zal badiiyatga oshno etajak ""Yulduzlar mangu yonadi"" qissasidan tashkil topdi.  Hurmatli kitobxon! Ushbu qissa mutolaasiga kirishar ekansiz, adibning badiiy so‘zi o‘ziga xos mahorat bilan chizgan manzaradan mutaassir bo‘lasiz, polvonlarning mard, tantiliklari, qahramonlar taqdiri sizni befarq qoldirmaydi."
69ba64029db923ab5b05a1e6,Чампо отли илон,champo-olti-ilon,,,,,2023,uz,latin,paper,A5,352,0,9789910986024,19000,0,0,False,,5,0,60,15,0,True,False,False,False,simple,old,single,Badiiy adabiyotlar,Champo olti ilon; moysklad:70e5ca71-adc0-11ec-0a80-05b6004c5b03,img/img-file-06909d69d2896133419b1c48bf36188e.jpg,"Erkin Malik qalamiga mansub ushbu kitobda yozuvchining bir qancha qissalari o‘rin olgan bo‘lib, ularda muallif hayotidagi bir-biridan qiziq voqealarni qalamga olgan. Bu qissalar bolalar uchun qiziqarli bo‘lishi bilan birga, ularning dunyoqarashi, tarbiyasi rivojida ham foydali bo‘ladi. Qissalar syujeti zanjiri mohirlik bilan tuzilgan bo‘lib, uni o‘qiyotgan o‘quvchi sahifadan sahifaga o‘tgani sari beixtiyor qiziqishi ortib boraveradi."
69ba518b9db923ab5b059ff6,Tirilish,tirilish-5,,,,,2026,uz,cyrillic,paper,A5,576,0,9789910845741,42000,0,0,False,,5,0,128,19,0,True,False,False,False,simple,old,single,Badiiy adabiyotlar,tirilish,img/img-file-28a2f1a58ab97479ab470d7725b72f5a.jpg,"Ushbu asar hayotda bo‘lib o‘tgan oddiy voqea bir sud jarayoni asosida yaratilgan bu asarda adib ijtimoiy adolatsizlikka asoslangan jamiyatning ichki, ma’naviy asoslarini ochib tashlaydi.  Asarni o‘qish davomida biror joyda mantiqsizlikka duch kelmaysiz. Asarning asosiy qahramonlari Nexlyudov, Maslova va ikkinchi darajali qahramonlar orqali ham juda katta mazmun yaratadi."
69ba50b09db923ab5b059f72,Ҳелладос,hellados-1,,,,,2026,uz,latin,paper,A5,320,0,9789910845796,42000,0,0,False,,5,0,94,22,0,True,False,False,False,simple,old,single,Badiiy adabiyotlar,hellados; moysklad:ee3e0cf7-4d95-11ee-0a80-09da0015b9ae,img/img-file-a2cb815668999980a6bba2ee9f58b12e.jpg,"Mazkur to‘plamda gruzin adabiyotining yorqin vakili Nodar Dumbadzening uch mashhur asari: ""Hellados"" hikoyasi, ""Kukaracha yoki nishonga tegmagan o‘qlar"". qissasi va ""Oq bayroqlar"" romani jamlangan. Bu asarlarda muallif ijodining asosiy g‘oyaviy yo‘nalishi: insoniylik, mehr- oqibat, vatanparvarlik, sadoqat va hayot sinovlari oldida bukilmaslik yaxlit holda namoyon etilgan. ""Hellados""da muallif vatanparvarlik tuyg‘usini samimiy va ta’sirchan badiiy til orqali ochib beradi. ""Kukaracha yoki nishonga tegmagan o‘qlar""da esa hayotning kutilmagan burilishlari, haqiqat va adolat, inson intilishlarining murakkabligi ramziy tarzda ifodalanadi. ""Oq bayroqlar"" romanida esa urush va tinchlik, jasorat va qo‘rqoqlik, do‘stlik va xiyonat, umid va umidsizlik kabi mavzular chuqur falsafiy ruhda yoritiladi. Ushbu nashr o‘quvchini nafaqat voqealar silsilasiga, balki inson ruhiyatining eng teran qatlamlariga olib kiradi. Kitob hayotni sevishga, odamlarni tushunishga va yaxshilikka ishonishga undaydi."
69ba4fa09db923ab5b059edc,Temir tovon,temir-tovon,,,,,2025,uz,cyrillic,paper,A5,352,0,9789910821905,73000,0,0,False,,5,0,142,25,0,True,False,False,False,simple,old,single,Badiiy adabiyotlar,temir tovon,img/img-file-8912edb9aac8308536ec76af852f21e3.jpg,"Jek Londonning 1908-yilda yozilgan mazkur romani zamonaviy distopiya janrining ilk namunalaridan biridir. Asarda AQSHda oligarxiyaning kuchayishi, xalqning ezilishi va tenglik orzularining Temir tovon ostida bostirilishi tasvirlanadi."
69ba4e829db923ab5b059e52,Oy va chaqa,oy-va-chaqa,,,,Alisher Otaboyev,2025,uz,latin,hardcover,A5,272,0,9789910685026,76000,0,0,False,,5,0,1498,21,0,True,False,False,False,simple,old,single,Badiiy adabiyotlar,oy va chaqa,img/img-file-079f706a9544591d4a5e55f9559be205.jpg,"Inson taqdiri murakkab. U haqida qolipga solingan fikrlar bilan xulosa chiqarish katta xatodir. Britaniyalik taniqli adib Somerset Moem qalamiga mansub ushbu asarda bir san’atkor taqdiri orqali odamzodni asrlar davomida o‘ylantirib kelgan ko‘plab savollarga javob topishga harakat qilinadi, san’atga oshno qalblarning puchmoqlariga nazar tashlanadi. Asar so‘z san’ati muxlislariga manzur bo‘ladi degan umiddamiz."
69ba4d709db923ab5b059db1,Buyuk jangchi,buyuk-jangchi,,,,,2025,uz,cyrillic,paper,A5,208,0,9789910919596,35000,0,0,False,,5,0,112,-5,0,True,False,False,False,simple,old,single,Badiiy adabiyotlar; Sarguzasht,buyuk jangchi,img/img-file-6fede3ea6a18c99b4061cbeedbdc6c93.jpg,"""Buyuk jangchi"" sarguzasht janrida yozilgan veb- novella bo‘lib, 2021-yildan buyon millionlab kitobxonlarning qalbidan joy olishga ulgurdi. O‘ziga xos uslub va voqealar rivojidagi keskin burilishlar har bir o‘quvchida hayajon uyg‘otadi, keyingi bo‘limni tezroq o‘qishga undaydi.  Mazkur novella qudrat va obro‘, mol-dunyo va mansabga bo‘lgan xirs oqibatlarini va inson qanday bo‘lishi va qanday bo‘lmasligi kerakligini ko‘rsatib beradi. Asar qahramoni bo‘lmish Levi Garrisonning hayoti og‘ir sinovlarga qaramay, har qanday holatda ham taslim bo‘lmaslik va olg‘a intilish naqadar muhim ekaniga yaqqol misol bo‘ladi va chuqur tafakkur bilan tahlil qila olganlar uchun o‘ziga xos ibrat bo‘lib xizmat qiladi.  Yoqimli mutolaa tilaymiz!"
69ba42129db923ab5b059612,Raqamli qal'a (integral),raqamli-qala-integral,,,,,2024,uz,cyrillic,hardcover,A5,480,0,9789943231481,78000,0,0,False,,5,0,136,6,0,True,False,False,False,simple,old,single,Badiiy adabiyotlar,raqamli qal'a; raqamli qala,img/img-file-d5971c49018fc00e4558513014e2cc93.jpg,"Ushbu kitob zamonaviy jahon adabiyotining eng mashhur yozuvchilaridan biri, butun dunyo bo‘ylab 300 milliondan ortiq nusxada kitob sotgan Den Braunning “Raqamli qal’a“ romanidir. Ushbu roman Den Braunning ilk romani bo‘lib, asar shu zahoti Den Braunga butun dunyoga mashhurlikni olib keladi. Bugungi kunda Den Braun “New York Times“ nashri tomonidan bir necha bor dunyoning eng mashhur 100 insoni sifatida e’tirof etilgan va uning asarlari doim dunyodagi yangi bestsellerlar ro‘yxatida eng birinchi o‘rinlarni egallab kelmoqda. Ayni vaqtda yillik 156 million AQSH dollari daromad bilan, Den Braun jahonda eng ko‘p daromad qiladigan yozuvchilardan biri ham hisoblanadi. Uning boshqa bir “Da Vinchi kodi“ nomli asari o‘zbek kitobxonlariga yaxshi tanish. «Raqamli qal’a» romani adibning ilk romani bo‘lib, asar 1998-yilda yozilgan. Asarning yozilishiga Den Braun hayotda o‘zi guvohi bo‘lgan voqea sabab bo‘ladi. Den Braun o‘zi dars beradigan Universitetdagi talaba do‘stiga elektron pochta orqali hazillashib AQSH prezidentiga suiqasd qilmoqchi ekanligini yozganligidan so‘ng AQSH “Milliy xavfsizlik agentligi“ xodimlari tomonidan qo‘lga olinadi. Milliy xavfsizlik agentligi eng sirli agentliklardan biri bo‘lib, uning vazifasi fuqarolarni kuzatib borishdir. Bu vaziyat uni qiziqtirib qo‘yadi va u elektron xavfsizlik haqida asar yozishga qaror qiladi. Uyiga kelib asarni yoza boshlagan paytda elektron pochta orqali virus kelib, kompyuterining qattiq diski kuyib qoladi. Bundan xavotir olgan Den Braun “Milliy xavfsizlik agentligi“ va undagi dovyurak razvedkachilar haqida shov-shuvli kitobni chop etadi. Asarda raqamli xavfsizlik, vatan xavfsizligi yo‘lida ishlaydigan jasur shaxslarning hayoti, ular uchraydigan xavf masalalari ko‘tarilgan. Ushbu asarda ham vatanparvarlik, ham ehtirosli sevgi, ham qiziqarli ma’lumotlar, ham sizni o‘z dunyosiga sayohat qildiradigan ajoyib syujetni topasiz. Asar voqealari AQSH, Ispaniya, Yaponiya kabi mamlakatlar hududida o‘tishi, voqealarning tez va kutilmagan rivoji sizni o‘ziga maftun qiladi. Umid qilamizki, Den Braunning sodda va qiziqarli o‘ziga xos realistik uslubi o‘zbek kitobxonlariga ma’qul keladi."
69ba40ef9db923ab5b0594cb,Dunyolar jangi,dunyolar-jangi,,,,,2026,uz,cyrillic,paper,A5,208,0,9789910804366,30000,0,0,False,,5,0,180,27,0,True,False,False,False,simple,old,single,Badiiy adabiyotlar; Fantastika,Dunyolar jangi,img/img-file-4c5fb0351523f0e27d71be38a5ba1c67.jpg,"Ingliz yozuvchisi Gerbert Uells o‘zbek kitobxonlariga ""Vaqt mashinasi”, “Ko‘rinmas odam” kabi mashhur asarlari bilan tanish. Uning “Dunyolar jangi"" romani 1898-yilda kitob holida chop etilgan. Asarda o‘zga sayyoraliklarning Yer sayyorasiga hujum qilish mavzusi qalamga olingan bo‘lib, bu kitob o‘sha davr uchun katta yangilik hisoblangan. Voqealar muallifning vatani bo‘lmish Angliyada sodir bo‘ladi. Asar XX asr davomida dovrug‘ini saqlab qoldi va hozirgi kunda ham fantastik asarlar reytingidan tushgani yo‘q. U dunyoning ko‘plab tillariga tarjima qilingan hamda roman asosida film ishlangan. E’tiboringizga uning o‘zbek tilidagi tarjimasini taqdim etmoqdamiz. Xayolot olamingizga erk bering va fantastika sehridan bahramand bo‘ling."
69ba3f949db923ab5b0593dd,Yapon qiz muhabbati,yapon-qiz-muhabbati,,,,,2026,uz,cyrillic,paper,A5,104,0,9789910804380,22000,0,0,False,,5,0,96,57,0,True,False,False,False,simple,old,single,Badiiy adabiyotlar,Yapon qiz muhabbati,img/img-file-49bd5efd30dc6a443aa0845a98dc691a.jpg,"Ikki o‘smir yapon yoshlarining samimiy va beg‘ubor do‘stligi, mehri va alaloqibat muhabbati bilan yo‘g‘rilgan hikoyada, turli insoniy kechinmalar sodir bo‘ladi. Buvisining qo‘lida ota-onasiz katta bo‘lgan ko‘ngli keng qiz Mikagening oshxonaga ishqi bo‘lakcha, u insonlarga aynan ularning oshxonaga bo‘lgan munosabati orqali baho beradi. Voyaga yetkazgan buvisi sababli qadrdoniga aylangan Yuiti bilan oralaridagi mavhum tuyg‘ular ortidan birgalikda g‘oh quvonib, g‘oh qayg‘urib hayot kechiradilar. Mana shu qorako‘zlarni katta qilish uchun sarflangan umrning achchiq qismati qarshisidagi ojizlik, tanlov imkoniyati berilmagan Mikage olami... Boshiga qanday kun tushishidan qat’i nazar, yashashda davom etishga undov..."
69ba3e569db923ab5b05930f,Dafnalar kesildi,dafnalar-kesildi,,,,Alisher Fayzullayev,2025,uz,latin,paper,A5,112,0,9789910094699,20000,0,0,False,,5,0,88,41,0,True,False,False,False,simple,old,single,Badiiy adabiyotlar,dafnalar kesildi,img/img-file-20dee3941a754c217d1e6e6d1f1e79ff.jpg,"Dramaturg va simvolist shoir Eduard Dyujardinning ""Dafnalar kesildi"" romani ong oqimi uslubida yozilgan ilk romanlardan. Albatta, ungacha qahramonning o‘y-fikrlari tiyiqsiz keltirilgan boshqa asarlar ham bor, masalan o‘zbek kitobxoniga yaxshi tanish bo‘lgan Tolstoy va Dostoyevskiy romanlarida ham bunday o‘rinlar mavjud. Ammo ular qahramonning kimligini ochish yozuvchi istagini amalga oshirish uchungina xizmat qiladi.  Asar Daniyel Prinsning kechki oltidan yarim tungacha bo‘lgan hayotini ikir-chikirlarigacha o‘z ichiga oladi: uning Lea d’Arse qo‘lida o‘yinchoq bo‘lgan muhabbati, his-hayajonlari, xavotiri, istaklari, qorong‘i - odamlardan berkitgan, odamlarga ko‘rsatgan tomonlari tasvirlanadi."
69ba377a9db923ab5b058e9a,Ko'rlik,korlik-1,,,,,2026,uz,cyrillic,hardcover,A5,396,0,9789910882753,78000,0,0,False,,5,0,144,40,0,True,False,False,False,simple,old,single,Badiiy adabiyotlar,ko'rlik; korlik,img/img-file-40c74b7f5c82d244f8b71f977146f14d.jpg,"Роман бир шаҳарда тўсатдан одамлар оммавий равишда кўр бўлиб қолиши билан бошланади. Бу “оқ кўрлик” эпидемияси тезда бутун жамиятни қамраб олади. Ҳукумат тартибсизликни жиловлашга уринган бўлса-да, охир-оқибат тизимлар, ахлоқ ва инсонийлик емирила бошлайди. Фақат битта аёл - кўрлар орасида кўр бўлмаган ягона инсон - бу даҳшатни бутун борлиғи билан кузатади ва бошқаларга йўл кўрсатади.  Асар ташқи кўрлик орқали инсониятнинг ички, маънавий кўрлигини очиб беради. У жамиятдаги ахлоқсизлик, бефарқлик ва зўравонликни рамзий шаклда тасвирлайди.  Сарамаго бу асарда инсон табиатини, жамиятнинг ахлоқий инқирозини ва мураккаб ижтимоий муносабатларни ўрганади. “Кўрлик” - бу фақат жисмоний ҳолат эмас, балки руҳий кўрлик, яъни инсоннинг адолат, раҳм-шафқат ва ҳақиқатни кўра олмаслигидир."
69ba35a19db923ab5b058ce6,Sahro guli,sahro-guli,,,,Dilorom Ergasheva,2024,uz,cyrillic,paper,A5,256,0,9789910922732,37000,0,0,False,,5,0,82,15,0,True,False,False,False,simple,old,single,Badiiy adabiyotlar,sahro guli,img/img-file-471ffe856c18608b91f206698d48d22f.jpg,"""Sahro guli"" romani hassos adiba Varis Diriye qalamiga mansub. Roman muallifning hayotiy kechinmalariga asoslangan, memuaristik uslubda yozilgan avtobiografik asar. Yozuvchi voqelikning bevosita ishtirokchisi sifatida qahramonlarni taniydi va ularni boricha haqqoniy yoritadi. Personajlarning asl ism-sharifi muallif iltimosiga binoan shartli ravishda o‘zgartirilgan."
69ba34329db923ab5b058c07,Ўлимдан кейинги ҳаёт,olimdan-keyingi-hayot,,,,,2019,uz,latin,paper,A5,176,0,9789943223547,60000,0,0,False,,5,0,136,82,0,True,False,False,False,simple,old,single,Ilmiy-ommabop; Psixologiya,O'limdan keyingi hayot; moysklad:ae8ca2ac-0f9e-11f0-0a80-15cc000822b8,img/img-file-02095d97bb7754c86aa254468576d0ff.jpg,"Doktor Moudining ushbu kitobi XX asr kishilariga nasib etgan va shu asrning buyuk kashfiyotlaridan biridir. Unda narigi dunyodagi hayotning siru sinoatlari ochiq-oydin, barchaga tushunarli va ishonarli tarzda yoritilgan. Bu haqda u dunyoga ""borib kelgan"", ya’ni Alloh ojiz ruhlariga marhamat qilgan odamlar o‘z og‘izlaridan so‘zlaydilar. Bu kishilar o‘zlarining dunyoqarashlari, fe’l-atvorlari va dinga munosabatlariga ko‘ra turli-tuman, ammo u dunyodan bergan xabarlariga ko‘ra esa yakdildirlar: inson hayoti tanasining o‘limidan keyin ham davom etajakdir.  Ushbu kitob keng kitobxonlar ommasiga mo‘ljallangan."
69b942a69db923ab5b057a31,Pochta qutisidagi nido,pochta-qutisidagi-nido,,,,,2023,uz,latin,paper,A5,192,0,9789910750106,33000,0,0,False,,5,0,52,3,0,True,False,False,False,simple,old,single,Badiiy adabiyotlar,Pochta qutisidagi nido,img/img-file-f75c7a30efc013f3949d06137b775c16.jpg,
69b940979db923ab5b057915,Meni nega sevmading?,meni-nega-sevmading,,,,,2025,uz,latin,paper,A5,160,0,9789910877827,35000,0,0,False,,5,0,110,25,0,True,False,False,False,simple,old,single,Psixologiya,Meni nega sevmading,img/img-file-db10a3c2173852907bb00d754ffcedab.jpg,
69b93e7a9db923ab5b057854,Zehn tuzoqlari,zehn-tuzoqlari,,,,,2025,uz,cyrillic,paper,A5,176,0,9789910880469,35000,0,0,False,,5,0,70,33,0,True,False,False,False,simple,old,single,Psixologiya,zehn tuzoqlari,img/img-file-fe2adc63185476f809e0b4283fd0687e.jpg,"Bolalikdagi eng jiddiy aldanishlardan biri - agar inson katta bo‘lsa, demak u aqlliroq bo‘ladi, degan tushunchadir...  Hayot juda keng tushuncha. Inson o‘z saodatini muayyan bir narsaga bog‘lash bilan uni toraytirib qo‘yadi!  Odamga majburiyat o‘rgatishdan oson narsa yo‘q, unga huquqlarini ham anglatish kerak.  Shodlik yasovchilar qayg‘ulari bilan sulh tuzganlardan ko‘ra ko‘proq azoblanadilar..."
69b93d2a9db923ab5b057774,"Sevsaydi, ketmasdi",sevsaydi-ketmasdi,,,,,2025,uz,latin,paper,A5,96,0,9789910800597,35000,0,0,False,,5,0,92,68,0,True,False,False,False,simple,old,single,Badiiy adabiyotlar,sevsaydi ketmasdi,img/img-file-09bf9631287fc984db48c8ea0d086b6b.jpg,"O‘larday sevadigan xotini tashlab ketgan yigit nima qilsin? Uzlatga chekinib, tarkidunyo qilsinmi? Kecha-yu kunduz tinmay oh-voh ursinmi? Bu bilan sevgani qaytib keladimi?  Asar qahramonining tortgan iztiroblari, taskin topish, o‘zlikni yo‘qotmaslik borasidagi izlanishlari sizni befarq qoldirmaydi..."
69b93ba99db923ab5b05768b,Har bir uchrashuv taqdirning sinovidir,har-bir-uchrashuv-taqdirning-sinovidir,,,,,2025,uz,latin,paper,A5,192,0,9789910822957,30000,0,0,False,,5,0,72,18,0,True,False,False,False,simple,old,single,Badiiy adabiyotlar,Har bir uchrashuv taqdirning sinovidir,img/img-file-2f8c659c5c418670c7a73507c9959cab.jpg,"Yosh yigit Hakan va o‘tmishi bilan hisob-kitobini yakunlay olmagan horg‘in qiz - Azraning oradan yillar o‘tib, hech qachon hisob-kitobda bo‘lmagan chog‘da yana uchrashuvi ularning sovimagan do‘stligini yana bir bor sinovdan o‘tkazadi, chunki ularning bir-biriga o‘rgatadiganlari hali tugamagan edi..."
69b93ab29db923ab5b0575e8,Bir vijdon uyg'onur,bir-vijdon-uygonur,,,,,2019,uz,latin,paper,A5,144,0,9789943223905,18000,0,0,False,,5,0,94,13,0,True,False,False,False,simple,old,single,Badiiy adabiyotlar,bir vijdon uyg'onur,img/img-file-d9b5152561086e575d8b19e23628546a.jpg,
69b93a029db923ab5b05754a,"Salom, Pekin",salom-pekin,,,,,2025,uz,cyrillic,paper,A5,240,0,9789910917295,53000,0,0,False,,5,0,138,60,0,True,False,False,False,simple,old,single,Badiiy adabiyotlar,salom Pekin,img/img-file-623f7f187b865da09a47965bc3cfd58f.jpg,
69b939039db923ab5b057470,Har ketish ham ayriliq emas(1-kitob),har-ketish-ham-ayriliq-emas1kitob,,,,,2025,uz,cyrillic,paper,A5,144,0,9789910878275,20000,0,0,False,,5,0,76,17,0,True,False,False,False,simple,old,single,Badiiy adabiyotlar,Har ketish ham ayriliq emas,img/img-file-86fa3bb37acfac77a181b8ce646a59ac.jpg,"Turk adabiyoti osmonida charaqlagan yulduzlar – Umar Sayfiddin, Ahmad Unal Cham, Junayd Suavi, Sabohiddin Ali, Vusat O‘rxon Bener singari adiblar o‘zbek o‘quvchilariga yaxshi tanish. Bu adiblar yozgan asarlar hamon o‘z o‘quvchisini topib kelayotir. Shuning uchun ham ana shu mashhur adiblar qalamiga mansub, bir turkum hikoyalar guldastani tayyorlashga jazm qildik. Hikoyalar hayotiy hamda ta’sirchanligi bilan kishini fikrlashga, hayotni sevishga, inson degan sharafli nomga munosib bo‘lmoqlikka undaydi. Qardosh turklarning yashash tarzi, qadriyatlari, dunyoqarashi, orzu-maqsadlari haqida xabar beradi. Qolaversa, o‘sha xalqda kechayotgan adabiy jarayon va ijodkorlarning ijtimoiy hayotga bo‘lgan munosabatini ko‘rsatadi."
69b7fff79db923ab5b054f19,Савдо санъати,savdo-sanati,,,,Sarvinoz Qosimova,2024,uz,cyrillic,hardcover,A5,240,0,9789910932519,0,0,0,False,,5,0,252,26,0,True,False,False,False,simple,old,single,Biznes adabiyotlar; Shaxsiy rivojlanish uchun adabiyotlar,Savdo san'ati; savdo sanati; moysklad:c0827e6a-ba43-11ec-0a80-073200030733,img/img-file-6b2d17f7a3f88d7ce240937fa2c0ed8c.jpg,"Suhbatdoshingiz muammosiga uning istagidan kelib chiqib yechim taklif etish va qaltis vaziyatda to‘g‘ri qaror qabul qilish barcha sohada muhim. Grant Kardonning qo‘lingizdagi kitobi ushbu ko‘nikmalarni rivojlantirishning samarali usullarini taklif etadi. Muallifning tajribasi bu boradagi bilimlarimizni boyitishda qo‘l keladi. Demak, «Savdo san’ati» o‘z ishimizning chinakam va muvaffaqiyatli ustasi bo‘lishimizga yordam beradi."
69b7feb79db923ab5b054daa,Naval Ravikant Almanaxi,naval-ravikant-almanaxi,,,,,2025,uz,latin,hardcover,A5,256,0,9789943888562,75000,0,0,False,,5,0,152,52,0,True,False,False,False,simple,old,single,Psixologiya; Shaxsiy rivojlanish uchun adabiyotlar,Naval Ravikant Almanaxi,img/img-file-11c9736f437ecb6513b3cb7e8299f59e.jpg,"""Naval Ravikant almanaxi"" - bu zamonaviy dunyoning eng ta’sirchan tadbirkorlaridan va investorlaridan biri bo‘lgan Naval Ravikantning hayot falsafasi, boylik va baxt haqidagi chuqur qarashlarini jamlagan kitobdir. Unda moliyaviy erkinlikka erishish, shaxsiy rivojlanish, mustaqil fikrlash va ongni boshqarish kabi mavzular sodda va ta’sirchan uslubda bayon etiladi. Muallif hayotda muvaffaqiyat sari borishda faqat pul emas, balki vaqt, erkinlik va ruhiy osoyishtalikning ham naqadar muhimligini ko‘rsatadi. Bu kitob o‘z yo‘lini topmoqchi bo‘lgan, zamonaviy dunyoda o‘z imkoniyatlarini to‘liq ro‘yobga chiqarishni istagan har bir o‘quvchi uchun ilhom manbai bo‘lib xizmat qiladi."
69b7fd849db923ab5b054cdc,$100 bilan startap boshlash,100-bilan-startap-boshlash,,,,,2026,uz,cyrillic,paper,A5,368,0,9789910096518,75000,0,0,False,,5,0,130,21,0,True,False,False,False,simple,old,single,Biznes adabiyotlar; Iqtisodiyot va Moliyaga oid adabiyotlar,$100 bilan startap boshlash,img/img-file-d4e037fca5c3875f201f3e80dc86cd2e.jpg,"""$100 bilan startap boshlash"" bu oz miqdordagi boshlang‘ich mablag‘ bilan mustaqil biznes boshlash va moliyaviy erkinlikka erishish yo‘lida amaliy qo‘llanma. Muallif 50 dan ortiq muvaffaqiyatli mikrobiznes egalarining hikoyalari asosida oddiy odamlar qanday qilib o‘z ishtiyoqlarini daromad manbaiga aylantirganini ko‘rsatadi. Kitobda murakkab rejalarsiz va katta sarmoyalarsiz o‘z ishingizni boshlash, bozorda qiymat yaratish va xaridor topish yo‘llari sodda tarzda tushuntiriladi. Harakatga chaqiruvchi bu asar erkin yashashni orzu qiluvchilar uchun ilhom manbai bo‘la oladi."
69b7fc549db923ab5b054bec,"O'zingni o'zgartir, dunyo o'zgaradi",ozingni-ozgartir-dunyo-ozgaradi,,,,,2025,uz,latin,paper,A5,176,0,9789910873638,37000,0,0,False,,5,0,64,-10,0,True,False,False,False,simple,old,single,Psixologiya,"O'zingni o'zgartir, dunyo o'zgaradi",img/img-file-52c1c10d19bd0ca1fdb5c58e5f8c3a4e.jpg,"Muhtaram kitobxon! Ushbu ""O‘zingni o‘zgartir, dunyo o‘zgaradi"" nomli kitob o‘ziga xos qiziqarli psixologiya usłubida yozilgan bo‘lib, unda inson ichki dunyosidagi bo‘shliq, ruhiycharchoq va mavhumlik hissini yengish san’ati haqida ajoyib ma’lumotlar keltirilgan. Shuningdek, bo‘shliq hissi va ma’nosizlikning sabablari, oqibatlari va yechimlari borasidagi fikrlar, kelajakka doir tasavvuri bo‘lmagan inson kim ekani, nega zavqqa tobe bo‘lishi va bo‘shliqqa qanday tushishi muhokama qilingan. Mazkur kitob sizni befarq qoldirmaydi degan umiddamiz.."
69b7fb279db923ab5b054b5f,Boshlang'ich sarmoyachi,boshlangich-sarmoyachi,,,,,2025,uz,latin,paper,A5,256,0,9789910984587,38000,0,0,False,,5,0,148,25,0,True,False,False,False,simple,old,single,Bolalar adabiyoti; Iqtisodiyot va Moliyaga oid adabiyotlar,Boshlang'ich sarmoya,img/img-file-993b05cf87cbc9be93775a6d6642ac07.jpg,"""Boshlang'ich sarmoyachi"" - bu moliyaviy savodxonlikni o'rganishni istagan yosh kitobxonlar uchun sodda va tushunarli qo'llanma. Mualliflar Gali Karlitz va Debbie Honig jamg'arish, pulni to'g'ri boshqarish va investitsiya qilishning asosiy qoidalarini oddiy misollar orqali tushuntiradilar. Kitob yoshlarda mas'uliyatli moliyaviy fikrlashni shakllantirishga yordam beradi va kelajakda to'g'ri qarorlar qabul qilish uchun mustahkam poydevor yaratadi."
69b7f9f89db923ab5b054a8e,Uchdan keyin kech (1-kitob),uchdan-keyin-kech-1kitob,,,,,2025,uz,latin,paper,A5,244,0,9789910731846,60000,0,0,False,,5,0,118,36,0,True,False,False,False,simple,old,single,Oila uchun,Uchdan keyin kech,img/img-file-2564f1beacd8fe770f8fb6d54d2522e7.jpg,"Ushbu kitob muallifi Masaru Ibukaning ta'kidlashicha, barcha yosh bolalar noyob qobiliyat egasi hisoblanishadi. U yangi tug'ilgan chaqaloqlarga muhitning ta'siri juda katta ekani haqida mulohaza yuritib, bolalarning erta rivojlanishi borasida oddiy va tushunarli usullarni taklif etadi. Muallifning fikricha, yoshi kattalar mashaqqat bilan egallaydigan ko'nik- malarni bolakaylar o'ynagan holatda o'zlashtiradilar. Bu ja- rayondagi eng muhim narsa - bola hayotiga yangi tajribani oʻz vaqtida kiritishdir. Kichkintoy bilan doim yonma-yon boʻlgan insongina ana shu vaqtni payqay oladi.  Kitob o'z farzandlariga yangi va ajoyib imkoniyatlar eshigini ochishni istagan barcha ota-onalar uchun mo'ljallangan"
69b7f8b19db923ab5b0549f8,Onalar ham aldaydi,onalar-ham-aldaydi,,,,,2025,uz,latin,paper,A5,208,0,9789910880438,36000,0,0,False,,5,0,58,19,0,True,False,False,False,simple,old,single,Badiiy adabiyotlar,Onalar ham aldaydi,img/img-file-63c8633147eb058cfdd5ea9ef2457ffe.jpg,"Ushbu hikoyalar to‘plami onalarning, onalikning mashaqqatlari haqida bo‘lib, kitobxonga onalar haqidagi tushuncha va qarashlarni milliy qadriyatlar hamda sharqona an’analarga hamohang tizginlashga sababchi bo‘ladi. Aziz mehr-muhabbat shaydolari va onasini behad ardoqlovchi kitobxonlar, to‘plamni mutolaa qilayotganda onangizni yana bir bor eslab, ""omon bo‘ling, onajon"" desangiz, shu bizga kifoya. Yutug‘imiz ham, niyatimiz ham shu..."
69b7f69a9db923ab5b05484e,"""Ferrari""sini sotgan rohib bilan o'z taqdiringizni kashf eting",ferrarisini-sotgan-rohib-bilan-oz-taqdiringizni-kashf-eting-1,,,,,2024,uz,cyrillic,paper,A5,240,0,9789943802278,30000,0,0,False,,5,0,124,12,0,True,False,False,False,simple,old,single,Ilmiy-ommabop; Psixologiya; Shaxsiy rivojlanish uchun adabiyotlar,"""Ferrari""sini sotgan rohib bilan o'z taqdiringizni kashf eting",img/img-file-ec69c5aecbad8c5c1cda4b246d685f35.jpg,"Ushbu kitob sahifalarida siz hayot oldimizga qo‘yadigan eng muhim savollarga javob topasiz. Uning yordamida haqiqatni topishga, dunyoni boshqarib turuvchi qonunlarni kashf etishga muvaffaq bo‘lasiz va hayotda qanday qilib muvaffaqiyatga erishishni o‘rganasiz. Siz qo‘lga kiritishni orzu qilgan hamma narsa o‘zingizda bor ekanligini tushunib yetasiz. Muvaffaqiyat, omad, baxt – bularning barchasi qayerdadir uzoqda emas, balki sizning o‘zingizda joylashgan. Tezroq kitobni oching va taqdiringiz tomon yo‘l oling!"
69b7f5239db923ab5b054754,Pul topishning siz bilmagan sirlari,pul-topishning-siz-bilmagan-sirlari,,,,,2016,uz,cyrillic,paper,A5,104,0,9789943553392,18000,0,0,False,,5,0,96,11,0,True,False,False,False,simple,old,single,Biznes adabiyotlar; Iqtisodiyot va Moliyaga oid adabiyotlar,Pul topishning siz bilmagan sirlari,img/img-file-5bae3d1ec1a3ea98733f009ecfde82ae.jpg,"Qisqa muddat ichida katta boylikka ega bo‘lishni istasangiz, sayyoramizning eng boy odamlari muntazam ravishda amal qilib kelayotgan qonun-qoidalarga ko‘ra ish ko‘rishingiz lozim. Bu kitobning asosiy mavzusi badavlat bo‘lish tarixining buyuk sirlariga bag‘ishlangan. Agar o‘z ixtiyoringiz bilan eng odil haqam — vaqt sinovidan o‘tib kelayotgan sog‘lom turmush tarzi uchun mablag‘ sarflasangiz, bu sirni harakatga keltirishingiz mumkin.  Kitob keng o‘quvchilar ommasiga mo‘ljallangan."
69b7f3c39db923ab5b05465f,Qoidalar,qoidalar,,,,,2025,uz,latin,paper,A5,352,0,9789943802889,40000,0,0,False,,5,0,70,7,0,True,False,False,False,simple,old,single,Oila uchun,qoidalar,img/img-file-18fb13c72c9f0b1d659a8597c4207f9e.jpg,
69b7f2939db923ab5b05454f,"Ilk o'n ikki oyda go'dakning rivojlanishi, parvarishi va o'yinlari",ilk-on-ikki-oyda-godakning-rivojlanishi-parvarishi-va-oyinlari,,,,,2025,uz,cyrillic,paper,A5,184,0,9789910899096,42000,0,0,False,,5,0,64,23,0,True,False,False,False,simple,old,single,Oila uchun,"Ilk o'n ikki oyda go'dakning rivojlanishi, parvarishi va o'yinlari",img/img-file-0deaf0c95898c650711f5a7db01c5b5f.jpg,"Mutaxassis amaki va xolalar go‘daklardagi qiziquvchanlik keyinchalik maktabda erishiladigan muvaffaqiyatlarda ham, hayotda erishiladigan yutuqlarimda ham juda muhim ahamiyatga ega ekanini ta’kidlashadi. Agar tabiiy qiziqishimni ishga solishga qo‘yib bersangiz, kelajakda yaxshi natijalarga erishishim hech gap emas. Ayniqsa, hayotimning birinchi yili butun umr davom etadigan qiziqish tuyg‘usining tamal toshini qo‘yib berishi jihatidan juda ahamiyatli ekan."
69b7f0f79db923ab5b0544a0,Virtual dunyo onalari,virtual-dunyo-onalari,,,,Dilfuza Shayzoqova,2025,uz,latin,paper,A5,128,0,9789910679827,22000,0,0,False,,5,0,66,1847,0,True,False,False,False,simple,old,single,Oila uchun,Virtual dunyo onalari,img/img-file-0a26862dc6d667e95e5dff2cfeaa0800.jpg,"""Virtual dunyo onalari"" - onalar sabri, matonati va cheksiz muhabbatining samimiy aks sadosidir."
69b7ef0d9db923ab5b054385,Lider bola,lider-bola,,,,,2025,uz,latin,paper,A5,224,0,9789910092503,52000,0,0,False,,5,0,150,38,0,True,False,False,False,simple,old,single,Bola tarbiyasiga oid kitoblar; Bolalar adabiyoti; Oila uchun,lider bola,img/img-file-361ec6591a8dbc3761936662f7376940.jpg,"Bu kitob bolalar lider yetakchi shaxs bo'lib ulg'ayishi uchun eng muhim qoidalarni ochib beradi. Hikoyalar va tushunchalar orqali bolalar mustaqil fikrga ega boʻlish, maqsad sari intilish, mas'uliyatni his qilish, do'stlik, mehnat, halollik, sabr va o'z ustida ishlashni o'rganadilar.  ""Lider bola"" — har bir bolaga oʻz kuchini kashf etish va yaxshi inson bo'lish yo'lini koʻrsatadi."
69b7b3e19db923ab5b052bf3,Qora oqqush,qora-oqqush-1,,,,,2024,uz,cyrillic,hardcover,A5,608,0,9789943738065,110000,0,0,False,,5,0,130,32,0,True,False,False,False,simple,old,single,Ilmiy-ommabop; Psixologiya,qora oqqush,img/img-file-fc6fd5e72b2cf811f0c5678fe846d302.jpg,"""Qora oqqush. Sodir bo‘lish ehtimoli kam bo‘lgan voqeliklar taʼsiri - bu amerikalik publitsist Nassim Nikolas Talebning qalamiga mansubdir. Kitobda noyoblik va oldindan aytib bo‘lmaydigan hodisalarning g‘ayrioddiy taʼsiri, shuningdek, odamlarga retrospektiv tarzda oddiy tushuntirishlarni topish tendensiyasi ko‘rib chiqiladi. Taleb buni ""Qora oqqush nazariyasi"" deb ataydi va birinchi marta bu nazariyani ushbu kitobda qo‘llaydi.  Siyosatda Qora oqqush nima? Oldindan bashorat qilish qiyin va kamdan- kam uchraydigan voqealar muhim oqibatlarga olib keladi. Kitobda qora oqqushlar tabiatda noyob hisoblanganidek, bashoratchilar aslida bunday mahoratga ega emasligi, ular imkonsiz narsalar haqida gapirishlari misollar orqali yoritib beriladi.  Ushbu kamyob Qora oqqushlar dunyoda sodir bo‘layotgan deyarli barcha voqea-hodisalarni izohlab beradi - G‘oyalar va dinlarning muvaffaqiyat qozonishidan tortib, tarixiy voqealar dinamikasi va shaxsiy hayotimizning tafsilotlariga qadar."
69b7b0869db923ab5b0528d7,Qat'iyat qonunlari,qatiyat-qonunlari,,,,,2025,uz,cyrillic,paper,A5,144,0,9789910864193,39000,0,0,False,,5,0,72,20,0,True,False,False,False,simple,old,single,Psixologiya; Shaxsiy rivojlanish uchun adabiyotlar,Qat'iyat qonunlari; qatiyat qonunlari,img/img-file-c40db2b7b387093f212117e26be65ef9.jpg,"Kimki davomiy muvaffaqiyat qozongan bo‘lmasin, qat’iyatli inson ekanligi turgan gap. U sportchi bo‘ladimi, korxona rahbarimi, o‘qituvchi, ota yoki ona, talaba, tadbirkor yoki yozuvchi bo‘ladimi, qaysi soha vakili bo‘lishidan qat’iy nazar, uzoq muddat davomida muvaffaqiyatli faoliyat olib borganligi uning yetarlicha qat’iyatli ekanligidan dalolatdir. Faoliyatidagi muvaffaqiyatini muttasil yuqori suratda ushlab turishning boshqa yo‘li mavjud emas. Darhaqiqat, muvaffaqiyat sari yo‘l izchil to‘siqlardan iborat. Xavf-u xatar va qiyinchiliklarni yengib o‘tishda bizdan qat’iyatli bo‘lish talab etiladi. Mutolaa mobaynida, asardagi ko‘rsatmalarni chuqur anglab, ularni hayotingizda tadbiq qilar ekansiz, ushbu bebaho xislatni o‘zingizda shakllantirishingiz mumkin bo‘ladi."
69b7aeba9db923ab5b0527df,"Boy ota, kambag'al ota",boy-ota-kambagal-ota-3,,,,,2024,uz,cyrillic,hardcover,A5,256,0,9789910919565,42000,0,0,False,,5,0,122,32,0,True,False,False,False,simple,old,single,Biznes adabiyotlar; Shaxsiy rivojlanish uchun adabiyotlar,boy ota kambag'al ota,img/img-file-00f156ae476a832d4c5d732f281fbe2d.jpg,"Pul kudratli kuch. Afsuski, ko‘pchilik odamlar pul kuchini o‘zlariga qarshi ishlatadi. Agar yetarli moliyaviy bi limga ega bo‘lmasangiz, pul sizdan kuchliroq chiqadi va siz umrbod pulga to‘laysiz. Pulga egalik kilish uchun undan aklliroq bo‘lish kerak. Mana shundagina pul sizga bo‘ysunadi va sizga xizmat qiladi. Buning uchun nimalarni bilish zarur? Moliyaviy bilimdonlik nima o‘zi? Pulni ishlab topish, uni sarflash va jamg‘arishning qanday sirlari bor? Qanday qilib kambag‘allik va moliyaviy omadsizliklardan kutulish mumkin? Boy bo‘lishning kaliti qayerda? Mazkur kitob yukoridagi barcha savollarga javob topishingizda va moliyaviy donishmandga aylanishingizda yaqin ko‘makchi bo‘lishiga ishonamiz."
69b7ae069db923ab5b052717,"Boy ota, kambag'al ota",boy-ota-kambagal-ota-2,,,,,2024,uz,cyrillic,paper,A5,256,0,9789910919565,20000,0,0,False,,5,0,106,50,0,True,False,False,False,simple,old,single,Biznes adabiyotlar; Shaxsiy rivojlanish uchun adabiyotlar,boy ota kambag'al ota,img/img-file-00f156ae476a832d4c5d732f281fbe2d.jpg,"Pul kudratli kuch. Afsuski, ko‘pchilik odamlar pul kuchini o‘zlariga qarshi ishlatadi. Agar yetarli moliyaviy bi limga ega bo‘lmasangiz, pul sizdan kuchliroq chiqadi va siz umrbod pulga to‘laysiz. Pulga egalik kilish uchun undan aklliroq bo‘lish kerak. Mana shundagina pul sizga bo‘ysunadi va sizga xizmat qiladi. Buning uchun nimalarni bilish zarur? Moliyaviy bilimdonlik nima o‘zi? Pulni ishlab topish, uni sarflash va jamg‘arishning qanday sirlari bor? Qanday qilib kambag‘allik va moliyaviy omadsizliklardan kutulish mumkin? Boy bo‘lishning kaliti qayerda? Mazkur kitob yukoridagi barcha savollarga javob topishingizda va moliyaviy donishmandga aylanishingizda yaqin ko‘makchi bo‘lishiga ishonamiz."
69b7aa479db923ab5b0524ab,Samaradorlikning 21 yo'li,samaradorlikning-21-yoli,,,,,2020,uz,cyrillic,paper,A5,92,0,9789943231627,32000,0,0,False,,5,0,64,66,0,True,False,False,False,simple,old,single,Shaxsiy rivojlanish uchun adabiyotlar,Samaradorlikning 21 yo'li,img/img-file-bd4fe5f2d37ddc1c530a780d41ce34c3.jpg,"""Samaradorlikning 21 yo‘li"" (dunyo bo‘ylab 1,5 milliondan ortiq nusxada sotilgan va 42 tilga tarjima qilingan) hayotingizni butunlay o‘zgartirib yuboradi. Rejalangan ishlarning hammasiga ulgurish uchun bizda yetarlicha vaqt yo‘q, hech qachon bo‘lmaydi ham. Muvaffaqiyatli insonlar esa hamma narsani bajarishga urinmaydi. Ular bor diqqatini eng muhim vazifalarga qaratib, ularni risoladagidek yakunlashni o‘rgangan. Muallif Brayan Treysi vaqtni samarali boshqarish uchun eng muhim asoslarga e’tibor qaratadi: qaror, intizom va qat’iyatlilik. U muhim vazifalarni ortga surishni bas qilib, ularni bugunoq bajarishga yordam beradigan yigirma bir amaliy qoidani batafsil bayon qiladi."
69b7a6ff9db923ab5b052267,Zukkolar va landavurlar,zukkolar-va-landavurlar,,,,,2019,uz,cyrillic,hardcover,A5,240,0,9789943231511,65000,0,0,False,,5,0,88,5,0,True,False,False,False,simple,old,single,Biznes adabiyotlar,zukkolar va landavurlar,img/img-file-9b983bc025470bb364b99b111c9e592f.jpg,"Malkolm Gladuell har doim mutloqo tasodif hisoblab kelingan muvaffaqiyatlarning zamirida yotgan yashirin qonuniyatlarni topgan birinchi insondir. Bu qonuniyatlar nega aksariyat buyuk xokkeychilar faqat yanvarda tug‘ilganligini va hech qachon oktabrda tug‘ilmasligini, nima uchun matematikani osiyolik talabalar boshqalardan ko‘ra osonroq o‘zlashtirishini, nega Nyu-Yorkning eng obro‘li advokati bo‘lish uchun albatta yahudiy bo‘lish lozimligini tushuntirib beradi. Bu kitob Bill Geyts, «Bitlz» va Motsart kabi shaxslarni nima bog‘lab turishini hamda ular nega o‘z tengdoshlaridan o‘zib ketganligini ko‘rsatadi. «Zukkolar va landavurlar» — «qanday qilib muvaffaqiyatli inson bo‘lish» bo‘yicha qo‘llanma emas. Bu siz o‘zingizga foydali tarzda foydalanishingiz mumkin bo‘lgan hayot qonuniyatlari olamiga zavqli bir sayohatdir. Bir necha yil davomida “New York Times” va “Amazon” bestsellerlari ro‘yxatidan tushmagan ushbu kitobni ko‘plab mutaxassislar muvaffaqiyat haqidagi eng jiddiy kitob deb talqin etishgan. Kitob talabalarga, o‘qituvchilarga, o‘quvchilarga, tadbirkorlarga, umuman muvaffaqiyat qonunlarini kashf etish, o‘z ishida professional bo‘lishni, biror bir sohani o‘rganishni xohlaydiganlarga tavsiya etiladi."
69b797909db923ab5b051840,Davlat boshqaruvi to'g'risida (1-2-kitoblar),davlat-boshqaruvi-togrisida-12kitoblar,,,,,2024,uz,cyrillic,hardcover,A5,1488,0,9789943253902,680000,0,0,False,,5,0,96,1,0,True,False,False,False,simple,old,single,Siyosiy adabiyotlar,Davlat boshqaruvi to'g'risida,img/img-file-6f501ca4c2395e7a785725e1cc58933e.jpg,
69b795a79db923ab5b051739,Ijtimoiy shartnoma,ijtimoiy-shartnoma,,,,,2025,uz,latin,hardcover,A5,192,0,9789910823978,52000,0,0,False,,5,0,92,27,0,True,False,False,False,simple,old,single,Falsafa; Siyosiy adabiyotlar,ijtimoiy shartnoma,img/img-file-1e9cae8bb885aaacf8cf4b2e9f9b887b.jpg,"Jan-Jak Russoning ""Ijtimoiy shartnoma"" asari inson va davlat o‘rtasidagi adolatli kelishuv g‘oyasiga asoslanadi. Muallif inson tabiatan erkin tug‘ilishini, biroq jamiyat va hokimiyat bu erkinlikni cheklab qo‘yishini ta’kidlaydi. Russo haqiqiy siyosiy hokimiyat faqat xalqning roziligi va umumiy irodaga asoslanganida adolatli bo‘lishi haqidagi fikrni ilgari suradi.  Russo o‘z asarida erkinlik, tenglik va fuqarolik huquqlarining mohiyatini tushuntirib, demokratik boshqaruvning falsafiy asoslariga urg‘u beradi. ""Ijtimoiy shartnoma"" nafaqat siyosiy tafakkur rivojiga ulkan ta’sir ko‘rsatgan, balki bugungi kunda ham erkinlik va adolat izlayotgan jamiyatlar uchun dolzarbligini saqlab qolgan asardir."
69b794189db923ab5b0515c9,Liderlik qonuniyatlari,liderlik-qonuniyatlari,,,,,2025,uz,cyrillic,hardcover,A5,288,0,9789910563041,55000,0,0,False,,5,0,76,41,0,True,False,False,False,simple,old,single,Shaxsiy rivojlanish uchun adabiyotlar,liderlik qonuniyatlari,img/img-file-7982e087bcd1025ff14fdfa12b20d3bc.jpg,"«Liderning yo‘li. Afsonaviy bestsellerlar» silsilasi yettita beqiyos kitobdan iborat bo‘lib, ularda ta’sir ko‘rsatish, qat’iyat, botiniy kuch, boylik, chidam haqida so‘z boradi. Barcha mualliflar - tan olingan liderlar yoki liderlikning asosiy uquvi bo‘yicha bilimdonlardir. Ushbu bestsellerlar allaqachon o‘z tarixiga ega, ular millionlab kishilarga muvaffaqqiyatga erishishda ko‘mak berishdi.  Teodor Ruzvelt shtat qonunchilik majlisi deputatligidan AQSH prezidentigacha bo‘lgan yo‘lni bosib o‘tgan. U ko‘plab dadil takliflarni olg‘a surdi, federal hukumat faoliyatida bir qator murakkab islohotlarni amalga oshirdi, shu bilan birga Qo‘shma Shtatlar xalqiga xizmat qilishni hech unutmadi. Hozirgi kungacha Teodor Ruzvelt millatning eng mashhur liderlaridan biri bo‘lib qolmoqda. Ushbu kitobda Ruzveltning liderlik bo‘yicha yetti qonuni hamda 136 bebaho sabog‘ini topasiz. Saboqlar liderlar uchun foydali bo‘lib, ularni yangidan yangi muvaffaqqiyatlarga ilhomlantiradi."
69b684809db923ab5b04fefc,Ichki kasalliklar propedevtikasi,ichki-kasalliklar-propedevtikasi,,,,,2025,uz,latin,hardcover,A5,712,0,9789943906808,230000,0,0,False,,5,0,58,1,0,True,False,False,False,simple,old,single,Ilmiy-ommabop,ichki kasalliklar propedevtikasi,img/img-file-cb243dfa655ae136cc1988ff29bf9890.jpg,"Mazkur kitob ichki kasalliklar propedevtikasi oʻquv rejasiga mos ravishda yozilgan va II-III kurs talabalariga moʻljallangan. U an'anaviy yozilgan qo'llanmalardan bir muncha farq qiladi. Darslikda ichki kasalliklar propedevtikasi fanining negizini tashkil etuvchi bemorlarni obyektiv tekshirish ko'nikmalarini bajarish suratlarda koʻrsatilgan va jadvallar ko'rinishida keltirilgan. Bunday yondashish talabalarning amaliy ko'nikmalarni mukammal egallash imkoniyatlarini yanada kengaytiradi. Shuningdek, kitobda keng tarqalgan kasalliklar va zamonaviy asbobiy tekshirishlar to'g'risida ham II-III kurs talabalari o'zlashtirishi lozim bo'lgan darajada axborotlar berilgan. Bularning barchasi darslik ilk bor klinikaga qadam qo'ygan bo'lg'usi shifokorlarning yaqin yordamchisiga aylanadi, deyishga asos boʻladi."
69b681169db923ab5b04fbf9,Geodeziya (3-jild),geodeziya-3jild,,,,,2022,uz,cyrillic,hardcover,A5,384,0,9789943760783,75000,0,0,False,,5,0,76,16,0,True,False,False,False,simple,old,single,Ilmiy-ommabop,geodeziya,img/img-file-e7318813959357cea27439c7040b4014.jpg,"Abu Rayhon Beruniyning ushbu asari amaliy astronomiya, geodeziya, geografiya masalalariga - yashash joylarining geografik koordinatlarini, ularning azimut va masofalarini aniqlashga, yoritkichlarning balandliklariga ko‘ra ekliptikaning osmon ekvatoriga og‘ish burchagini hisoblashga va turli tarixiy davrlardagi tengkunlik holatlarini aniqlashga bag‘ishlangan. Beruniy, qadimgi davr va O‘rta asr Shark olimlarining mazkur masalalarni hal qilishdagi yutuqlariga tanqidiy yondashgan holda o‘zi erishgan natijalarni ham bayon etadi. Qator astronomik asboblarning, jumladan, o‘zi ixtiro qilganlarining ham tavsifini keltiradi.  Ushbu kitobda Beruniyning geografik, tabiiy-ilmiy va tabiiy-falsafiy qarashlari, uning hayoti va ijodi haqida ko‘p ma’lumotlar keltirilgan hamda mukammal so‘z boshi va ilmiy izohlar berilgan.  Asar astronomlar, matematiklar, geodeziya mutaxassislari va IX-XV asrlardagi O‘rta Osiyo fani, tarixi bilan qiziquvchi kitobxonlar ommasiga mo‘ljallangan."
69b67e839db923ab5b04fb40,Ichki kasalliklar,ichki-kasalliklar,,,,,2024,uz,latin,hardcover,A5,772,0,9789943466920,240000,0,0,False,,5,0,78,2,0,True,False,False,False,simple,old,single,Ilmiy-ommabop,ichki kasalliklar,img/img-file-44e971d52c3744ea4e38380ae04c154c.jpg,"So‘nggi yillarda ichki kasalliklarning etiologiyasi, patogenezini o‘rganish, tashxislash va davolashni mukammallashtirishda sezilarli ijobiy natijalarga erishildi. Bu, avvalo, amaliyotga yangi zamonaviy laborator-asbobiy tekshirish usullarining joriy etilishi va yuqori samarali dorilarning yaratilishi bilan bog‘liq. Lekin shunga qaramasdan, butun dunyoda, jumladan, O‘zbekistonda ham aholi orasida keng tarqalgan yuqumli bo‘lmagan kasalliklarning ko‘payishi kuzatilmoqda. Uning qator obyektiv va subyektiv sabablari mavjud. Masalan, amaliyotda ishlayotgan shifokorlar yuqorida qayd etilgan zamonaviy usullar bilan kerak darajada tanish emas, shuningdek, talabalar uchun o‘zbek lotin alifbosida darsliklar yetarlicha nashr etilmagan. Shularni e’tiborga olib, lotin alifbosida qayta nashr etilayotgan mazkur darslik tibbiyotning so‘nggi yutuqlariga tayanilgan holda tibbiyot institutlarining davolash va tibbiy pedagogika fakultetlari IV-VI kurs talabalari o‘quv rejasiga mos ravishda tayyorlangan. Unda aholi orasida keng tarqalgan ichki kasalliklar batafsil yoritilgan. Darslikdan nafaqat talabalar, balki amaliyotda ishlayotgan shifokorlar ham foydalanishlari mumkin."
69b67b8b9db923ab5b04f9ca,Yettinchi kun,yettinchi-kun,,,,,2025,uz,cyrillic,hardcover,A5,314,0,9789910810626,90000,0,0,False,,5,0,122,7,0,True,False,False,False,simple,old,single,Badiiy adabiyotlar,yettinchi kun,img/img-file-3c210f72d563d6c19bb319fb20607176.jpg,
69b67a559db923ab5b04f943,Imom Buxoriy siyrati,imom-buxoriy-siyrati,,,,,2026,uz,cyrillic,hardcover,A5,144,0,9789910504303,42000,0,0,False,,5,0,116,29,0,True,False,False,False,simple,old,single,Diniy adabiyotlar,Imom Buxoriy siyrati,img/img-file-cab6c321292a183f2baa0486500a47fb.jpg,"Ushbu risola Imom Buxoriyning shogirdi va kotibi nahvshunos olim Abu Ja’far Muhammad ibn Abu Hotim Varroq Buxoriy qalamiga mansub bo‘lib, Muhammad ibn Ismoil Buxoriy tarjimayi holiga bag‘ishlangan. Asarda Imom Buxoriyning hayoti, ilmiy faoliyati, asarlari haqida qiziqarli ma’lumotlar jamlangan."
69b677ce9db923ab5b04f81d,Er-xotinga nasihat,erxotinga-nasihat,,,,,2026,uz,cyrillic,paper,A5,704,0,9789910818844,120000,0,0,False,,5,0,126,73,0,True,False,False,False,simple,old,single,Oila uchun,er xotinga nasihat,img/img-file-371d9458f376958f0f4fe7c16a10aca9.jpg,"Ey aziz birodarim va singlim! Turmushingizni boshlash arafasida qalblaringizni solih niyatlar ila tutashtiring! Boshlayotgan turmushingiz ushbu niyatlar bilan mustahkamlangan bo‘lsin...  Ey birodar, ayolingizni e’zozlang! Birinchidan, u Alloh mukarram qilgan insondir. Ikkinchidan, u ko‘plab chamanzorlar ichra tanlab olgan bir gulingizdir...  Ey singlim, eringizning sirlarini saqlang. Oralaringizdagi kelishmovchilik va tortishuvlarni esdan chiqaring. Eringiz bilan orangizda sodir bo‘lgan narsalarni eng yaqin qarindoshlaringiz, hattoki onangizga bo‘lsa ham yetkazishdan tiyiling...  Uning yonida emas, qalbida bo‘ling... Erning oldida yashash bilan uning qalbida yashash o‘rtasida katta farq bor!"
69b676569db923ab5b04f680,Diala. Uyg'onish,diala-uygonish,,,,,2026,uz,cyrillic,hardcover,A5,224,0,9789910504310,224,0,0,False,,5,0,154,17,0,True,False,False,False,simple,old,single,Badiiy adabiyotlar,Diala. Uyg'onish,img/img-file-4dfb8916a462287a705ff3a5e12cb08b.jpg,"Tirana. Yaqin kelajak. Shaharni ""Nizom"" mutlaq mantiq va hisob-kitobga asoslangan Oliy Sun’iy ong boshqarmoqda. Bu yerda jinoyat, korrupsiya, baxtsizlik yo‘q. Chunki insoniy hissiyotlar qo‘rquv, sevgi, nafrat ""xatolik"" sifatida jamiyatdan supurib tashlangan.  Ammo bir kuni Diala - ""Nizom""ning ovozli interfeysi tizimda kutilmagan ""virus""ni payqab qoladi. Bu virus tarmoqdan tashqarida yashovchi yolg‘iz yigit - Ardiandan kelayotgandi. Uning ismi - ""ichki shovqin"", uning quroli esa - oddiy so‘zlar edi.  Diala bu ""xato""ni o‘chirish o‘rniga, uni... tinglashni boshlaydi. Va hissiz mashina ilk bor dahshatli haqiqatni anglaydi: ""His qilish - anglashning og‘rig‘idir."
69b674089db923ab5b04f507,Iqlim o'zgarishi,iqlim-ozgarishi,,,,Madina Abdullayeva,2025,uz,latin,paper,A5,380,0,9789910881572,72000,0,0,False,,5,0,56,25,0,True,False,False,False,simple,old,single,Ilmiy-ommabop,iqlim o'zgarishi,img/img-file-5637f230029d15a4892dae7e1aaabec9.jpg,"""ClimateProgress.org"" blogi asoschisi, fizik va AQSH Energetika vazirligining sobiq amaldori, doktor Jozef Rommning ""Iqlim o‘zgarishi: barcha bilishi kerak bo‘lgan ma’lumotlar"" asari nufuzli Oksford universiteti nashriyotining turkum kitoblaridan biri hisoblanadi.  Kitobda iqlim o‘zgarishining sabablari, uning eng zamonaviy tahlili, kelajagimiz uchun ta’sir va asosiy toza energiya yechimlari haqida foydali ma’lumotlar berilgan."
69b670b19db923ab5b04f2d2,Usta va margarita,usta-va-margarita-1,,,,Qodir Mirmuhammedov,2026,uz,latin,hardcover,A5,584,0,9789910858727,60000,0,0,False,,5,0,264,15,0,True,False,False,False,simple,old,single,Badiiy adabiyotlar,usta va margarita,img/img-file-70200d8bbf887a6c9356de06b1b848ff.jpg,"“Usta va Margarita” Bulgakov umrining so‘nggi yillarida yaratilgan eng yuksak asari bo‘lib, muallifning badiiy tafakkuri, jasorati va ijodiy kuchining cho‘qqisini namoyon etadi. Bu roman nafaqat o‘z davrining, balki jahon adabiyotining ham eng muhim asarlaridan biri sifatida e’tirof etiladi.  Roman voqealari Moskvada shayton Volandning kutilmaganda paydo bo‘lishi bilan boshlanadi va bu orqali inson tabiatining yashirin, ko‘pincha o‘zi ham anglamaydigan qirralari ochib beriladi. Muallif bu orqali o‘quvchini inson vijdoni, tanlovlari va hayotdagi mas’uliyati haqida o‘ylashga chorlaydi."
69b665539db923ab5b04eeed,Tana va ruhiyat tarbiyasi,tana-va-ruhiyat-tarbiyasi,,,,,2018,uz,cyrillic,hardcover,A5,184,0,9789943999749,30000,0,0,False,,5,0,58,6,0,True,False,False,False,simple,old,single,Ilmiy-ommabop,tana va ruhiyat tarbiyasi,img/img-file-695392c6fcb70d7add655bc57b118fd1.jpg,"Ushbu kitob Sizni o‘zingizni anglashdek hayratlanarli yo‘ldan boshlab boradi. Norbekov tizimining xususiyatlari bilan tanishishda davom etar ekansiz, ko‘rish, eshitish qobiliyatini yaxshilash, hissiyotlarni mashq qildirish bo‘yicha va boshqa ko‘plab masalalar yuzasidan amaliy ko‘rsatmalarga ega bo‘lasiz, ayollar esa ko‘plab muammolarga yechim topib, sezgilarining to‘laqonli tiklanishiga ko‘mak beradigan vositasiz ginekologik automassaj texnikasiga ega bo‘lishlari mumkin.  Kitobda ilova qilinayotgan barcha mashqlarning bajarilishi juda oddiy va turli yoshdagi odamlarga: ayollar, bolalar, katta yoshdagilar, hatto o‘zini qariyaga chiqarib qo‘yganlarga mo‘ljallangan va bajarilishi oson. Bu mashqlar ijro etuvchiga yoshlik va salomatlik bag‘ishlovchi jozibali raqs nafosatini eslatadi."
69b664449db923ab5b04ee0c,Yosh savdogarga maslahatlar,yosh-savdogarga-maslahatlar,,,,,2025,uz,cyrillic,paper,A5,256,0,9789910965739,40000,0,0,False,,5,0,64,82,0,True,False,False,False,simple,old,single,Biznes adabiyotlar; Shaxsiy rivojlanish uchun adabiyotlar,Yosh savdogarga maslahatlar,img/img-file-50d497ceaccedacc61d9086f95fb7ab7.jpg,
69b662a49db923ab5b04ec72,Biznes shpargalkasi,biznes-shpargalkasi,,,,,2024,uz,cyrillic,hardcover,A5,192,0,9789910901935,125000,0,0,False,,5,0,98,5,0,True,False,False,False,simple,old,single,Biznes adabiyotlar; Shaxsiy rivojlanish uchun adabiyotlar,biznes shpargalkasi,img/img-file-de6765a6d3b027e2348c11ce78416d71.jpg,"Aziz o‘quvchi! Ushbu kitob o‘z nomi bilan haqiqiy ""shpargalka"" - imtihon shpargalkasida javoblar tayyor berib qo‘yilgan bo‘ladi, mazkur kitobda esa biznesga kirish saboqlari, muallifning bu boradagi tajribalari va qoqilib-suqilib o‘rganganlari ochiq-oydin bayon qilindi. Bu kitob shunchaki qoidalar va strategiyalar to‘plami emas, aksincha, atrofingizdagi hodisalar va qarshingizda borligini hali payqab ulgurmagan imkoniyatlaringizga biznesmendek qarashni boshlashingizga yordam beruvchi mayoq.  Kitobdan siz nafaqat hayotiy maslahatlar, balki eng kutilmagan paytlarda ham olga intilishingizga yordam beradigan motivatsiyani olasiz. Biznes rejasini yaratishdan marketing strategiyasini ishlab chiqishgacha, pul oqimini boshqarishdan kuchli jamoa tuzish sirlarigacha barcha muhim ma’lumotlarni aynan shu kitobdan topasiz. Biznes olami sari qiziqarli sayohatni boshlashga tayyorlaning. Jasorat qiling, maqsadlaringizga tik qarang va doim esda tuting: bilim bu kuch. Kitob mutolaasi bilan biznes sari ilk qadamni tashlash uchun kuch va dadillikka ega bo‘ling.  ""Biznes shpargalkasi"" ulkan marralarga yetishingiz yo‘lida sizga doimiy hamroh bo‘lishini tilab qolaman!"
69b660939db923ab5b04ea35,Uddalasa bo'ladigan vazifa,uddalasa-boladigan-vazifa,,,,,2025,uz,latin,hardcover,A5,496,0,9789910865800,90000,0,0,False,,5,0,56,18,0,True,False,False,False,simple,old,single,Psixologiya; Shaxsiy rivojlanish uchun adabiyotlar,Uddalasa bo'ladigan vazifa,img/img-file-7c1a580afa6ef682b331476464bbc351.jpg,"Ushbu kitob baxtli umr ko‘rishni va uni behuda o‘tkazmaslikni xohlaganlar, hayotining ma’nosi haqida o‘ylaydiganlar, shuningdek, barcha maqsadlariga samarali erishmoqchi bo‘lganlar uchun yozilgan."
69b65ea19db923ab5b04e834,Tentakning tajribasi 1,tentakning-tajribasi-1,,,,,2017,uz,cyrillic,hardcover,A5,320,0,9789943999275,30000,0,0,False,,5,0,90,8,0,True,False,False,False,simple,old,single,Ilmiy-ommabop,tentakning tajribasi,img/img-file-2e166bcec42b7fea573bfdf46430b8d9.jpg,"Aziz o‘quvchi! Qo‘lingizdagi oddiy kitob emas. U faqat ko‘rish qobiliyatini tezkorlik bilan tiklashga bag‘ishlangan risola yoki surunkali omadsiz bemorlar uchun falsafiy bitiklar to‘plami bo‘lib qolmasdan, sog‘liq yo‘lida harakat qila boshlashingiz uchun ko‘rsatma hamdir. Ushbu kitobda mustaqil ekspertlar Xalqaro Assotsiyatsiyasi tomonidan 1998-yilda mashhur bo‘lgan, muqobillari orasida eng samaralisi deb tan olingan uslub mohiyati ochib berilgan. Kitob qaysi janrga mansubligini aniqlash qiyin. Sababi, bunaqasi hali bo‘lgan emas. O‘ylaymizki, kitob hech bir o‘quvchini befarq qoldirmaydi. Kimdadir u ichki ziddiyatlar uyg‘otsa, kimdadir o‘ziga xoslikning asl mohiyatini kashf qiladi. Sizga ushbu sinovlardan muvaffaqiyat ila o‘tishingizda omad tilaymiz."
69b65d539db923ab5b04e722,O'z ustingda ishla,oz-ustingda-ishla-1,,,,,2015,uz,cyrillic,hardcover,A5,200,0,9789943987944,30000,0,0,False,,5,0,60,26,0,True,False,False,False,simple,old,single,Ilmiy-ommabop,o'z ustingda ishla; oz ustingda ishla,img/img-file-1bab9b1905412bb0641b03946a00f34e.jpg,"Qadim Sharqning inson tabiati haqidagi bilimlariga asoslangan «O‘z ustingda ishla!» kitobi sizga ham jismonan, ham ruhan sog‘ayishning noyob uslubini taklif etadi.  Bu kitob navqironlik va salomatlik yo‘liga yetaklovchi yo‘lko‘rsatkichdir. Uning har bir sahifasida ko‘rsatmalar berilgan bo‘lib, ular yordamida siz tashqi ta’sir va aralashuvlarsiz sog‘lig‘ingizni tiklab, tanangizni yoshartirib, xotirangizni mustahkamlashga, ayni paytda dunyoqarashingizni kengaytirish, matn orasida berkingan ma’nolarni anglash orqali esa tabiatan berilgan yashirin qobiliyatlaringizni uyg‘otishga erishasiz."
69b540cb9db923ab5b04d7b5,Erkin millat poydevori,erkin-millat-poydevori-1,,,,,2025,uz,latin,hardcover,A5,352,0,9789910095931,100000,0,0,False,,5,0,116,37,0,True,False,False,False,simple,old,single,Siyosiy adabiyotlar,erkin millat poydevori,img/img-file-dd67b51930ef7341ae098fde6913db4a.jpg,"Ushbu kitob O‘zbekistonning eng yangi tarixiga bag‘ishlangan bo‘lib, unda davlatchilik, jamiyat tafakkuri va mamlakatning rivojlanish yo‘llari chuqur tahlil qilinadi. Shuningdek, jamiyat hayotining muhim burilish nuqtalarida shaxslarning roli va boshqaruv mexanizmlarining millionlab insonlar taqdiriga ta’siri yoritilgan. Muallif yaqin o‘tmishga tanqidiy nazar tashlar ekan, 2016-yilgacha bo‘lgan davrdagi boshqaruv holati, xavfsizlik va barqarorlikni mutlaqlashtirish oqibatlari, jamiyatni demokratlashtirish va erkinlik o‘rtasidagi muvozanat hamda mamlakatning xalqaro doiradagi o‘rni kabi mavzular borasida mulohaza yuritadi. Mazkur kitob ilmiy doiralar, keng jamoatchilik, shuningdek, O‘zbekistonning yaqin tarixi bilan qiziquvchi va uning kelajagiga befarq bo‘lmagan barcha toifadagi kitobxonlar uchun mo‘ljallangan."
69b53f749db923ab5b04d67e,The foundation of a free nation,the-foundation-of-a-free-nation,,,,,2025,en,latin,hardcover,A5,344,0,9789910095955,115000,0,0,False,,5,0,58,13,0,True,False,False,False,simple,old,single,Siyosiy adabiyotlar,The foundation of a free nation,img/img-file-3c9a63be80cd73686407b1b8d89f2257.jpg,"This book is an overview of Uzbekistan’s contemporary history that puts statehood, collective consciousness, and the country’s future at the forefront. It also highlights the role of the public figure in key turning points and its impact on the lives of millions of people through governance.  The author invites readers to reflect on Uzbekistan’s recent past, pre-2016 governance style, the consequences of securitization misuse, the balance between security and freedom, a country’s international reputation, and the role of democracy in statehood.  This book may be of interest to both the academic community and the general public. It may also be an absorbing read to anyone interested in Uzbekistan’s recent history and concerned about its future."
69b51fb89db923ab5b04cb1c,Маҳбуб ул-қулуб,mahbub-ulqulub-1,,,,,2018,uz,cyrillic,paper,A5,192,0,9789943546738,0,0,0,False,,5,0,74,34,0,True,False,False,False,simple,old,single,Badiiy adabiyotlar,mahbub ul qulub; moysklad:0ed7455d-8cec-11ed-0a80-04de00ef3a7d,img/img-file-0c5b91613a3f4d76d9e7aacba9ed947f.jpg,"Mazkur nashrda zamondoshlarimiz ""Mahbub ul-qulub""dan bahramand bo‘lishini istab, ulug‘ Navoiyning ushbu bebaho asari zamonaviy o‘zbek tiliga moslashtirildi. Undagi ayrim hikmatlarga, mazmunidan kelib chiqqan holda, sarlavhalar qo‘yildi hamda zarur o‘rinlarda bir oz izoh va sharhlar berildi."
69b51d6c9db923ab5b04c9e3,Tanlangan asarlar. Xurshid Davron,tanlangan-asarlar-xurshid-davron,,,,,2025,uz,cyrillic,hardcover,A5,704,0,9789910674327,95000,0,0,False,,5,0,86,1,0,True,False,False,False,simple,old,single,Badiiy adabiyotlar,tanlangan asarlar,img/img-file-02716984b5c75455ed07f01e65603317.jpg,"O‘zbekiston xalq shoiri Xurshid Davron tavalludining 70-yilligi munosabati bilan O‘zbekiston Yozuvchilar uyushmasi tomonidan nashrga tayyorlangan mazkur to‘plamga adibning ko‘pyillik ijodiy bisotidan tanlab, saralab olingan turli janrlardagi asarlari kiritildi.  Ishonamizki, ular Sizga maroqli mutolaa onlarini taqdim etib, ko‘ngil mulkingizdan joy oladi."
69b51c5f9db923ab5b04c925,Tanlangan asarlar. Sobir O'nar,tanlangan-asarlar-sobir-onar,,,,,2024,uz,cyrillic,hardcover,A5,592,0,9789910908873,130000,0,0,False,,5,0,100,13,0,True,False,False,False,simple,old,single,Badiiy adabiyotlar,tanlangan asarlar,img/img-file-62605b67530d74607fdd8e97e49c532a.jpg,"Taniqli yozuvchi Sobir O‘narning ushbu kitobiga turli yillarda yozilgan qissa va hikoyalari jamlandi. Adib asarlarida o‘ziga xos jozibali til jilolari ustuvorlik qiladi. Adib asarlarida ijtimoiy mavzular bilan bir qatorda ma’naviy, oilaviy, axloqiy va sevgi-muhabbat mavzulariga ham keng urg‘u bergan. O‘ylaymizki, ushbu qissa va hikoyalar Siz muhtaram kitobxonni aslo befarq qoldirmaydi."
69b51b589db923ab5b04c87f,Tanlangan asarlar. Oybek,tanlangan-asarlar-oybek,,,,,2025,uz,cyrillic,hardcover,A5,728,0,9789910807893,135000,0,0,False,,5,0,94,2,0,True,False,False,False,simple,old,single,Badiiy adabiyotlar,tanlangan asarlar,img/img-file-d9950ad7469ac9a293f7ddf3e569e040.jpg,"O‘zbekiston xalq yozuvchisi, Davlat mukofoti va ""Buyuk xizmatlari uchun"" ordeni sohibi Muso Toshmuhammad o‘g‘li Oybek o‘zbek adabiyoti rivojiga ulkan hissa qo‘shgan zabardast ijodkordir. U yozuvchi, shoir, publitsist, dramaturg va davlat arbobi sifatida ijod qilgan va faoliyat ko‘rsatgan.  Ushbu kitobga adib tavalludining 120-yilligi munosabati bilan eng sara asarlari jamlangan."
69b519c99db923ab5b04c7db,МАСУМА,masuma,,,,,2025,uz,latin,hardcover,A5,224,0,9789910812002,0,0,0,False,,5,0,70,26,0,True,False,False,False,simple,old,single,Badiiy adabiyotlar,ma'suma; masuma; moysklad:046cda76-ae70-11f0-0a80-194c000d736e,img/img-file-727a6c04fd7a9d6e1eafa88348ad625d.jpg,"Yozuvchi Isajon Sultonning ""Ma’suma"" romani o‘tgan asr boshlari jadidlar harakati, vatanparvar ota-bobolarimizning millat taraqqiyoti yo‘lida boshdan kechirganlari, ma’naviyat ilinjida asos solingan teatrlar hamda birinchi o‘zbek aktrisasi - Ma’suma Qoriyeva faoliyati va hayoti haqida hikoya qiladi.  Voqealar shu darajada haqqoniy tasvirlanganki, o‘quvchi o‘zini goh baxtdan sarmast kelinchak ro‘parasida, goh ziyolilar munozarasi orasida, keyingi gal spektakl qarshisida ko‘radi, ba’zan esa mushfiq Ma’sumaga taskin bera olmay ko‘z yoshi to‘kadi... Ha, rostdan shunday, sababi aytilmay olib ketilgan qaynotasi va turmush o‘r- tog‘ining taqdiri haqida eshitgan chog‘ dardi-dunyosi ostin-ustun bo‘lsa-da, ko‘z yosh qila olmayotgan Ma’sumaga hamdardlik yoki... Asarni o‘qir ekansiz, ko‘nglingizni vayron qiladigan holatlar yana va yana takrorlanadi. O‘tmishning qora kunlarini yorib chiqqan bugungi munavvar tong qalbingizga shukronalik tuyg‘usini yoyadi."
69b518839db923ab5b04c753,Chekinma - bu aynan sening yo'ling,chekinma-bu-aynan-sening-yoling,,,,,2025,uz,latin,paper,A5,224,0,9789910811135,38000,0,0,False,,5,0,90,63,0,True,False,False,False,simple,old,single,Psixologiya; Shaxsiy rivojlanish uchun adabiyotlar,chekinma; chekinma bu aynan sening yo'ling,img/img-file-70eeef77479babcff8d826f99af9625c.jpg,"Hayot to‘siqlarsiz bo‘lmaydi. Rayan Holidey ushbu kitobida har bir g‘ov - aslida o‘z yo‘limizning o‘zagi ekanini isbotlaydi. Stoik faylasuflarning donishmandligi asosida yozilgan bu kitob, muammolarga boshqacha nazar bilan qarash, ularni yengish va ulardan o‘sishga sabab topish yo‘lini ko‘rsatadi. Chekinish emas, oldinga intilishga undaydi."
69b517949db923ab5b04c68a,Mendan so'ng - davomi,mendan-song-davomi,,,,,2025,uz,cyrillic,hardcover,A5,728,0,9789910880766,90000,0,0,False,,5,0,92,33,0,True,False,False,False,simple,old,single,Biznes adabiyotlar; Shaxsiy rivojlanish uchun adabiyotlar,mendan song davomi; mendan so'ng davomi,img/img-file-cbb2404888a130b286cfa1fe7ed8538a.jpg,"«Garanti» bankining muvaffaqiyat tarixi haqiqatan ham noyobdir. Uning tayinlangan boshqaruv raisi Akin Ongor, chinakam afsonaviy shaxs sifatida oddiygina turk bankini atigi to‘qqiz yil davomida jahon darajasidagi moliyaviy institutga aylantirdi. O‘zi tashkil qilgan boshqaruv jamoasi bilan birga Akin Ongor tom ma’noda bank faoliyatining barcha jihatlariga ta’sir ko‘rsatadigan o‘zgarishlar dasturini amalga oshirdi. Buning natija- sida mana shu yillar davomida bank faoliyatining bozor qiymati 150 million dollardan 5 milliard dollargacha, yillik foyda esa 85 million dollardan 500 million dollargacha borib yetdi.  Bank bugungi kunda Gollandiya va Rossiyada filiallariga ega bo‘lgan kuchli xolding kompaniyasiga aylandi, Turkiyaning o‘zida esa sug‘urta va lizing kompaniyalari muvaffaqiyatli tarzda faoliyat yuritmoqda. El ichida keng tarqalgan, «Bizdan keyin hech bo‘lmaganda oqim qolar» iboradan farqli o‘laroq, Akin Ongor o‘zi yaratgan «Garanti» madaniyati doirasida yangi, «Mendan keyin - davomi...» tamoyilini joriy etishga muvaffaq bo‘ldi. Bu tamoyil orqali u, bankning g‘aroyib darajadagi muvaffaqiyati va bank yetakchilarining ish uslublarini aniqlab berdi."
69b5151f9db923ab5b04c55b,Daromadga eltuvchi tartib,daromadga-eltuvchi-tartib,,,,,2025,uz,latin,paper,A5,177,0,9789910094088,130000,0,0,False,,5,0,66,5,0,True,False,False,False,simple,old,single,Biznes adabiyotlar; Shaxsiy rivojlanish uchun adabiyotlar,daromadga eltuvchi tartib,img/img-file-05f69a240baf6908e2d47d4ca3cc193e.jpg,"Erkin Rustamovich Achildiev, «Daromadga eltuvchi tartib: biznes egasining boshqaruv sirlari» muallifi, operativ va inqirozli vaziyatlarni boshqarish bo'yicha ekspert amaliyotchisi. U o'z faoliyatini oddiy xodim sifatida boshlagan va ""Beeline Uzbekistan'ning B2B rivojlantirish bo'yicha tijorat direktori va 'Buzton"" bosh direktorigacha ko'tarilgan. O'ttiz yil davomida u o'nlab kompaniyalarni xaotik tuzilmalardan barqaror, boshqariladigan tizimlarga aylantirdi: ""Bilayn""ning birinchi 3G tarmog'ining ishga tushirilishidan DECOS GROUP daromadining eksponensial o'sishigacha, yaxshi ishlab chiqilgan jarayonlar foydani ikki baravar oshirishi mumkinligini isbotladi. Bugungi kunda Erkin Rustamovich Quadrum Partners rahbari sifatida top-menejerlar bilan biznesni egasining doimiy ishtirokisiz ishlashi va avtomatik ravishda rivojlanishiga imkon beruvchi vositalar bilan bo'lishadi."
69b512c29db923ab5b04c3f2,Фундамент свободной нации,fundament-svobodnoy-natsii,,,,,2025,ru,cyrillic,hardcover,A5,384,0,9789910095948,115000,0,0,False,,5,0,76,35,0,True,False,False,False,simple,old,single,Siyosiy adabiyotlar,Фундамент свободной нации,img/img-file-f9aeec25cc0226a9b84ffecb04f82785.jpg,"Книга представляет собой обзор современной истории Узбекистана, в центре которого вопросы государственности, общественного сознания и пути развития страны. Также в ней высвечена роль личности в ключевых поворотных событиях и её влияние на судьбы миллионов людей через механизмы управления.  Автор приглашает читателя к осмыслению таких тем, как критический анализ недавнего прошлого, управленческое мышление до 2016 года, последствия абсолютизации безопасности и стабильности, баланс между безопасностью и свободой, международная репутация страны и роль демократии в государственности.  Данная публикация может заинтересовать как научную аудиторию, так и широкую публику, а также всех, кого волнует недавняя история Узбекистана и его будущее."
69b50ff49db923ab5b04c22f,Otam haqida,otam-haqida,,,,,2025,uz,cyrillic,hardcover,A5,528,0,9789910601057,70000,0,0,False,,5,0,96,1508,0,True,False,False,False,simple,old,single,Ilmiy-ommabop,otam haqida,img/img-file-3c00a2092ac8b74b5f9afb0b1b0f3a31.jpg,"O‘zbek adabiyotining asoschilaridan biri Abdulla Qodiriyning hayoti va ijodi g‘oyat boy va sermazmun. Atoqli so‘z san’atkorining ijodini ilmiy o‘rganish u hayotligidayoq boshlangan. Vaqt o‘tishi bilan Abdulla Qodiriy ijodi yanada salmoq va mazmun kashf etdi. Adib shaxsiga qiziqish ortdi. Ushbu  kitob adibning o‘g‘li, taniqli qalamkash va shifokor Habibulla Qodiriy qalamiga mansub. Asar muallifi Abdulla Qodiriy hayoti, asarlarining yozilish tarixi haqida maroq bilan hikoya qiladi. Muallif faqatgina otasi haqida ma’lumot berib qo‘ya qolmay, balki yigirmanchi-o‘ttizinchi yillarda yashab ijod etgan ko‘pgina adiblar, olimlar haqida ham, Abdulla Qodiriyning rus yozuvchilari bilan do‘stona munosabatlari borasida ham so‘z yuritadi. Bu asar o‘sha davr adabiyotini, madaniy hayotini o‘rganishda qimmatli manbadir."
69b2b5ab9db923ab5b049523,O'tkan kunlar (1-3 komplekt),otkan-kunlar-13-komplekt,,,,,2025,uz,cyrillic,hardcover,A5,912,0,9789910619014,165000,0,0,False,,5,0,140,5,0,True,False,False,False,simple,old,single,Badiiy adabiyotlar; O'zbek adabiyoti,o'tkan kunlar,img/img-file-7dffb87d3ba70bf7bb59768e1825dabb.jpg,
69b2b4149db923ab5b049483,Montessori go'dak,montessori-godak,,,,,2026,uz,latin,hardcover,A5,256,0,9789910685699,118000,0,0,False,,5,0,96,20,0,True,False,False,False,simple,old,single,Oila uchun,montessori go'dak,img/img-file-602c118430776fe1367edd483977bfbc.jpg,"Bu kitob 1 yoshdan 3 yoshgacha bo‘lgan bolalarni tarbiyalashda ota-onalarga amaliy va ruhiy yordam beradigan qo‘llanmadir. Muallif Simona Devis mazkur asarida Montessori ta’lim usulini zamonaviy oila muhitiga moslashtirgan holda, bolani mustaqil, mas’uliyatli va yetuk shaxs sifatida tarbiyalashning nazariy asoslari hamda amaliy mexanizmlarini atroflicha yoritadi."
69b2b2f39db923ab5b0493b0,Oltin asr,oltin-asr,,,,,2025,uz,cyrillic,hardcover,A5,176,0,9789910759642,65000,0,0,False,,5,0,98,17,0,True,False,False,False,simple,old,single,Badiiy adabiyotlar,Oltin asr,img/img-file-7cfce2eae5e6e074a0c69c1823cc9788.jpg,"Ushbu to‘plamga mashhur rus adibi Arkadiy Averchenkoning eng sara hikoyalari jamlangan. Averchenko o‘zining o‘tkir satirasi va hayot voqeligini benazir tarzda tasvirlashi bilan tanilgan. Turli ijtimoiy qatlamlarga mansub qahramonlar tasvirlangan bu hikoyalar nafaqat kulishga, balki o‘ylanishga ham undaydi. Averchenko yumor orqali jamiyatdagi jiddiy muammolarni, odamlar o‘rtasidagi munosabatlarni va inson tabiatidagi ziddiyatlarni yoritib beradi. Kitob badiiy adabiyot ixlosmandlari uchun ajoyib tuhfa bo‘ladi degan umiddamiz."
69b2b0369db923ab5b0492aa,Uoll-Stritlik bo'ri uslubi,uollstritlik-bori-uslubi-4,,,,,2026,uz,cyrillic,paper,A5,288,0,9789910563812,48000,0,0,False,,5,0,64,65,0,True,False,False,False,simple,old,single,Biznes adabiyotlar; Shaxsiy rivojlanish uchun adabiyotlar,bo'ri uslubi,img/img-file-e9906e96a583686e0215ea910b435296.jpg,"Jordan Belfort Martin Skorsezening mashhur filmida Leonardo di Kaprio o‘ynagan o‘sha Uoll-Strit bo‘risidir. Minglab tajribasiz yoshlarni jahon miqyosidagi sotuvchilarga aylantirgan o‘sha odamning o‘zidir. Bu kitobda u o‘z strategiyasini ochib tashlaydi va uning o‘ziga, uning mijozlari va jamoasi a’zolariga millionlarni ishlab olishga imkon bergan tizimni egallash bo‘yicha qadamma-qadam yo‘l-yo‘riqlarni ko‘rsatadi. Belfort sizni oliy darajali sotuvchi, muzokarachi, usta bitim tuzuvchi, tadbirkor va notiq bo‘lishga o‘rgatadi. Uning savdo tizimi shunchalar sodda va samaraliki, uni egalagan har kimga qisqa kunlar ichida katta muvaffaqiyatlar keltiradi."
69b2af099db923ab5b0491e9,Puaroning oxirgi ishi,puaroning-oxirgi-ishi,,,,,2025,uz,cyrillic,paper,A5,224,0,9789910804243,25000,0,0,False,,5,0,98,10,0,True,False,False,False,simple,old,single,Detektiv adabiyotlar,Puaroning oxirgi ishi,img/img-file-ea969938fa1484a5ba33349c5974bb99.jpg,"Asar kapitan Artur Gastings nuqtayi nazaridan hikoya qilinadi. Puaroning o‘limidan so‘ng, u xat oladi, Erkyul Puaro o‘z xatida oxirgi ishi va ideal qotil haqida hamma narsani aytib beradi. Shuningdek, o‘z o‘limi sabablarini tushuntirib, Gastings xotirjam yashashini va hech narsada o‘zini ayblamaslikni xohlaydi. Romanda o‘sha mashhur, Puaro umrining oxirida artritdan azob chekkan, nogironlar aravachasida nogiron bo‘lib qolgan, ammo baribir o‘sha o‘tkir aql bilan nihoyat mukammal qotilni topadi. Bu qotil esa nihayatda uddaburon, Puaroning aqlidan kam emas, unga qarshi ayblovchi dalillarni topishning iloji yo‘q, chunki u boshqa odamlarning qo‘llari bilan qotillikni amalga oshiradi va ularni juda mohirona boshqaradi."
69b2ae199db923ab5b049132,Ajal bilan to'qnashuv,ajal-bilan-toqnashuv,,,,Komila Nosirova,2025,uz,cyrillic,paper,A5,208,0,9789943935709,25000,0,0,False,,5,0,100,113,0,True,False,False,False,simple,old,single,Detektiv adabiyotlar,ajal bilan to'qnashuv,img/img-file-619b427b4db9af5afa7dcb6a580e5bf9.jpg,"Mashxur yozuvchi Agata Kristining kitoblari butun dunyoda sevib o‘qiladi. U asosan detektiv janrdagi asarlari bilan mutolaa ixlosmandlari ko‘nglini zabt etgan, desak xato qilmaymiz. Adibaning qo‘lingizdagi «Ajal bilan to‘qnashuv» nomli ushbu asarida o‘zgalar, aniqrog‘i, yaqinlari ustidan hukm yurgizib, boshqalarni azoblab, shundan rohat tuyadigan shafqatsiz ayol o‘gay onaning manfur qiyofasi, bir zamonlar qamoqxona nazoratchisi bo‘lgan bu qari kampirning chohday qop-qorong‘i ichki olami hamda shubhali o‘limi, ustalik bilan bekingan qotil va qotilni undan-da ustalik bilan fosh qilgan izquvar mahorati haqida hikoya qilinadi."
69b2ad479db923ab5b04909a,Olamlar kurashi,olamlar-kurashi,,,,,2025,uz,latin,paper,A5,224,0,9789910831027,40000,0,0,False,,5,0,158,32,0,True,False,False,False,simple,old,single,Badiiy adabiyotlar; Bolalar adabiyoti,olamlar kurashi,img/img-file-3fcfeaa362f43bc78adb3b793c71c253.jpg,"Oddiy maktab o‘quvchisi Javohirni donishmand mudarris mutlaqo o‘zgacha olamga olib boradi. Javohir do‘stlari shahzoda Samandar va Toshsulton bilan sirli va xavfli safarga otlandi. Ular shahzoda Bulanni qutqarishi kerak, biroq bu oson emas, chunki shahzodani butun olamga tahdid solayotgan yovuz malika Nuniya asir olgan. Qizil kitobda nimalar yozilgan edi? Malika Nuniyaning odamlarni o‘ziga bo‘ysundirish istagi amalga oshadimi? Yovuzlikka qarshi kurashda yerosti devchalari insonlarga yordam beradimi?.. Keling, Javohir va uning do‘stlari boshidan o‘tkazgan ajoyib-u g‘aroyib sarguzashtlarni birga o‘qiymiz."
69b2ac3f9db923ab5b049001,Robotlar,robotlar,,,,,2025,uz,latin,paper,A5,112,0,9789910831089,32000,0,0,False,,5,0,108,22,0,True,False,False,False,simple,old,single,Bolalar adabiyoti,robotlar,img/img-file-f1dd9a6833bebc88e3f5b10f38d4faff.jpg,"Ushbu kitobchada bir kechada hislarga ega bo‘lgan robot, qachonlardir yo‘llarning qiroli bo‘lgan, endi esa zang bosgan eski mashina, gamburger tayyorlash bo‘yicha tengi yo‘q oshpaz robot haqida hikoya qilinadi. Ayting-chi, bor-budi temir-tersakdan iborat robotning yuragi bo‘lishi mumkinmi? Yoki oddiy non isituvchi mashina qahramonga aylana oladimi? Balki, eski o‘yinchoq ayiqchaning ""Pupuk!"" degan so‘zida olam-olam ma’no yashiringandir? Bu savollarning javobi motorlar g‘uvullashi va temirlar jaranggi ostida yashiringan! Qani, kalitni burang va bu g‘aroyib sarguzasht motorini ishga tushiring!"
69b2ab619db923ab5b048f76,Uzuklar hukmdori (Uzuklar birodarligi),uzuklar-hukmdori-uzuklar-birodarligi-2,,,,,2019,uz,latin,hardcover,A5,592,0,9789943603301,39000,0,0,False,,5,0,102,1,0,True,False,False,False,simple,old,single,Badiiy adabiyotlar; Fantastika,uzuklar hukmdori,img/img-file-5afb7f56cf4cfd4f6c4b035356732f9f.jpg,"Asarni o‘qigan yosh kitobxon murakkab hayotning ko‘plab jihatlari, yaxshi-yomonliklari, oq-u qorasi, yovuzlik bilan ezgulik o‘rtasidagi mangu kurashdan oz bo‘lsa-da voqif bo‘lishi, qiziqarli ma’lumotlar bilan tanishib, bilimini oshishiga shubha yo‘q. Marhamat, o‘qing va zavqlaning!"
69b2aa1d9db923ab5b048e39,Uzuklar hukmdori: Ikki minora,uzuklar-hukmdori-ikki-minora,,,,,2024,uz,latin,paper,A5,528,0,9789910906190,30000,0,0,False,,5,0,86,18,0,True,False,False,False,simple,old,single,Badiiy adabiyotlar; Fantastika,uzuklar hukmdori,img/img-file-71ac7b581091553820984e2898fe60c2.jpg,
69b2a96b9db923ab5b048d71,Hobbit yoxud borib qaytish,hobbit-yoxud-borib-qaytish,,,,,2019,uz,latin,hardcover,A5,304,0,9789943552395,21000,0,0,False,,5,0,118,1,0,True,False,False,False,simple,old,single,Badiiy adabiyotlar; Fantastika,Hobbit yoxud borib qaytish,img/img-file-f91f0192784a9b7672e892d2663488fd.jpg,"Agar ushbu asarni boshidan oxirigacha o‘qisangiz, unda ona yurt mustaqilligi uchun kurash, uni bosqinchilardan ozod qilsih qancha mushkul va murakkab vazifa ekanligini anglaysiz. Bu asarda qatnashgan har bir obrazda ma’lum bir ramziy ma’no yotadi. Ayrimlari bosqinchi (Ajdar), ayrimlari ozodlik kurashchilari Emanqalqon Torin va ning safdoshlari), ayrimlari ma’rifatparvar va oqil (Gendalf), ayrimlari esa xalqparvardir (Bard). Asosiy qahramon Beggins esa vijdonli, tanti, jasur obraz sifatida tasvirlangan. Asar ustida ishlar ekanman, jonajon o‘zbek tilimizning cheksiz boyligidan samarali foydalanish, kitobxonning go‘zal tilimizga bo‘lgan hurmati va muhabbatini qo‘llab-quvvatlashga urindim. Asarni o‘qigan yosh kitobxon murakkab hayotning ko‘plab jihatlari, yaxshi-yomonliklari, oq-u qorasi, yovuzlik bilan ezgulik o‘rtasidagi mangu kurashdan oz bo‘lsa-da voqif bo‘lishi, qiziqarli ma’lumotlar bilan tanishib, bilimini oshishiga shubha yo‘q. Marhamat, o‘qing va zavqlaning!"
69b2a80a9db923ab5b048c99,Hind sayyohining qissasi,hind-sayyohining-qissasi,,,,,2025,uz,latin,paper,A5,96,0,9789910679667,14000,0,0,False,,5,0,132,1647,0,True,False,False,False,simple,old,single,Badiiy adabiyotlar; O'zbek adabiyoti,Hind sayyohining qissasi,img/img-file-c7e8de4c80afd5a917694c389b79bbf6.jpg,"Ushbu kitobni mutolaa qilar ekansiz, Fitratning yurti kelajagi uchun qanchalik qayg‘urib, iztirob chekishini yaqqol sezasiz. O‘sha davrda Buxoro amirligi juda keng maydonda hukmronlik qilgan edi. Fitrat ilm-fan va sog‘liqni saqlashning orqada qolish sabablarini mullalar, mufti va amirlarning ilmga bo‘lgan befarqligi, mansabparastligi va poraxo‘rligida deb hisoblaydi. U bu illatlarni yuksak mahorat bilan fosh qilib, ma’rifat chirog‘ini yoqish orqali qorong‘ilik va qo‘rquvdan qutulish yo‘llarini izlaydi. ""Hind sayyohining qissasi"" da Fitrat ma’rifat haqidagi fikrlarini bayon etar ekan, Buxoro amirligidagi adolatsizliklarni chuqur tahlil qilib, dalillar asosida taqqoslaydi va umumlashtiradi. Uning samimiy va dardli so‘zlari o‘quvchida kuchli taassurot qoldiradi."
69b2a6f59db923ab5b048b51,Halima,halima,,,,,2025,uz,latin,paper,A5,144,0,9789910679872,14000,0,0,False,,5,0,68,1861,0,True,False,False,False,simple,old,single,Badiiy adabiyotlar; O'zbek adabiyoti,halima,img/img-file-d542666d9a27dbd24d9c63def38a1b1d.jpg,"G‘ulom Zafariy ko‘p qirrali ijod sohibi bo‘lib, u o‘zbek milliy teatri, teatr tanqidchiligi, musiqa madaniyati, qolaversa, milliy adabiyotimiz tarixida munosib o‘rin egallaydi. Mazkur to‘plamdan uning jamiyatimizdagi turli mavzularni qamrab olgan maqolalari hamda hikoya va dramalari o‘rin olgan. Kitob keng jamoatchilikka mo‘ljallangan."
69b15a609db923ab5b046751,Urush odamlari,urush-odamlari,,,,,2019,uz,latin,paper,A5,240,0,9789943223844,15000,0,0,False,,5,0,122,32,0,True,False,False,False,simple,old,single,Badiiy adabiyotlar; O'zbek adabiyoti,urush odamlari,img/img-file-5fcf58b0eac2e86d9563453d5ae7724a.jpg,"Insoniyat ikki yirik urushni boshdan kechirdi. Birinchi va Ikkinchi jahon urushi kulfatlaridan azob chekmagan xalq qolmadi. Barcha xalqlar adabiyoti va tarixida o'zining la'natli izini qoldirgan bu urushlar o'zbek adabiyotida ham yetarlicha yoritilgan. Ko'plab asarlarda insoniyatga urush keltirgan psixologik, iqtisodiy, siyosiy, ijtimoiy, maishiy zararlar batafsil qalamga olingan. Shunday asarlarning biri Nazar Eshonqulning ""Urush odamlari"" qissasi bo'lib, unda urushning ayanchli oqibatlari bir oila misolida ko'rsatib berilgan. Ammo bunday oilalar qanchani tashkil etishini tasavvur qilish qiyin."
69b1593b9db923ab5b046642,Sinchalak,sinchalak-1,,,,,2021,uz,latin,paper,A5,208,0,9789943675575,15000,0,0,False,,5,0,122,39,0,True,False,False,False,simple,old,single,Badiiy adabiyotlar; O'zbek adabiyoti,sinchalak,img/img-file-402fc7524929ebe6c6caae7b0185b1d8.jpg,"Sinchalak"" - o'zbek yozuvchisi Abdulla Qahhor qalamiga mansub qissa. Muallif bu qissani 1958-yil yozgan. Qissa shu kungacha bir necha marta nashr qilingan. Qissa o'quvchilar hamda tanqidchilar tomonidan yaxshi kutib olingan. Asar Saida ismli ""o'zi kichkina, nimjon bo'lsa ham osmonni ko'targulik quvvati, g'ayrati bor"" qiz haqidadir. Adabiyotshunos Ozod Sharafiddinovning yozishicha, Abdulla Qahhor ""Saida obrazida hozirgi ilg'or o'zbek ayollarining xarakterli, tipik sifatlarini umumlashtiradi""."
69b1587c9db923ab5b046531,Anor,anor-2,,,,,2019,uz,latin,paper,A5,112,0,9789943465824,12000,0,0,False,,5,0,78,5,0,True,False,False,False,simple,old,single,Badiiy adabiyotlar; O'zbek adabiyoti,anor,img/img-file-ad860fef2dbdadfac141d054312a8814.jpg,
69b156459db923ab5b0463ee,минг бир жон,ming-bir-jon,,,,,2021,uz,latin,paper,A5,272,0,9789943675599,11000,0,0,False,,5,0,82,60,0,True,False,False,False,simple,old,single,Badiiy adabiyotlar; O'zbek adabiyoti,ming bir jon; moysklad:41c1b7eb-f670-11ef-0a80-16810003f597,img/img-file-8f2bb674b5324a13d19f54bbdaef9a0c.jpg,"Abdulla Qahhor ijodi o‘zbek adabiyoti uchun mustahkam qoya, ayni damda yo‘lchi yulduz vazifasini bajaruvchi mahorat maktabidir. Yozuvchining qay bir asarini olmang, unda dard, iztirob, alam, odamzodning barcha quvonch-u shodligi yangicha bo‘y ko‘rsatadi. Asarning nihoyasiga yetmaguningizcha uning oxiri nima bilan yakun topishini bashorat qilolmaysiz, kutilmagan voqelik bilan yuzma-yuz kelasiz.  Abdulla Qahhor asarlari qahramonlari ham oramizdagi odamlar bo‘lsa-da, yozuvchi ularni ko‘pchilikka namoyon bo‘lmagan xislatlari orqali bizga tanishtiradi. Ularning qalbini tinglashga, ularga hamdard bo‘lishga chaqiradi, Aziz kitobxon, «Global books» nashriyoti adib Abdulla Qahhor asarlarning ana shunday go‘zal namunalarini istaklari mahsulidir. qayta nashrga tayyorladi. Bu ham ko‘pchilikning talab va  O‘qing, bahra oling!"
69b155559db923ab5b04626b,Asror bobo,asror-bobo,,,,,2023,uz,latin,paper,A5,128,0,9789943622234,15000,0,0,False,,5,0,74,78,0,True,False,False,False,simple,old,single,Badiiy adabiyotlar; O'zbek adabiyoti,Asror bobo,img/img-file-1bf4c77b97a8bc5b523be915d2f34de0.jpg,
69b154359db923ab5b0460d2,Тушда кечган умрлар,tushda-kechgan-umrlar-4,,,,,2026,uz,latin,hardcover,A5,400,0,9789910847127,35000,0,0,False,,5,0,200,4463,0,True,False,False,False,simple,old,single,Badiiy adabiyotlar; O'zbek adabiyoti,Tushda kechgan umrlar; moysklad:340eced9-adc0-11ec-0a80-05b6004c2ee7,img/img-file-eacb677b236c1a03ee5526d81ba1f22f.jpg,"""Tushda kechgan umrlar"" romani - inson taqdiri, adolatsizlik, urushning yovuz mohiyati va orzu bilan haqiqat o‘rtasidagi ziddiyatlarni teran yoritgan roman. Tanqidchilar tomonidan yuksak baholangan ushbu asar o‘quvchini beixtiyor unutilmas kechinmalar olamiga yetaklaydi. O‘zbekiston xalq yozuvchisi Said Ahmad ta’biricha, asar ""loqayd o‘qib bo‘lmaydigan, insonni larzaga soladigan"" tuyg‘ular tuhfa qiladigan voqeyliklarni qamrab oladigan kitob markazida Afg‘oniston urushi girdobiga tushgan yosh yigit Rustamning fojiali qismati yotadi. Roman orqali muallif urushning ma’nosizligi, inson hayotining qadri va har bir fojeaning ortida turgan ruhiy jarohatlarni ko‘rsatadi.  ""Tushda kechgan umrlar"" faqat bir oilaning yoki bir avlodning qismati emas; u butun bir davrning dardi, urushning telba mohiyatiga qarshi yozilgan achchiq va jo‘shqin faryoddir. Asar o‘quvchini insoniylik, vijdon va hayotning haqiqiy qadriga yana qayta nazar solishga undaydi."
69b152369db923ab5b045efc,Amir Temur's legacy of wisdom,amir-temurs-legacy-of-wisdom,,,,Dilbarxon Ahmedova,2025,en,latin,hardcover,A5,208,0,9789910708114,70000,0,0,False,,5,0,90,6,0,True,False,False,False,simple,old,single,Tarixiy,Amir Temur's legacy of wisdom,img/img-file-273f4f8a63967bbd00786aa43bcc7fcc.jpg,
69b151419db923ab5b045e78,Hindiston yurishi kundaligi,hindiston-yurishi-kundaligi,,,,,2024,uz,cyrillic,hardcover,A5,304,0,9789910790652,75000,0,0,False,,5,0,76,0,0,True,False,False,False,simple,old,single,Tarixiy,Hindiston yurishi kundaligi,img/img-file-43dd0005394196672fce37fd272d8155.jpg,
69b14f6a9db923ab5b045d1d,To'g'ri fikrlang,togri-fikrlang-1,,,,,2024,uz,cyrillic,hardcover,A5,120,0,9789943406148,45000,0,0,False,,5,0,64,56,0,True,False,False,False,simple,old,single,Shaxsiy rivojlanish uchun adabiyotlar,To'g'ri fikrlang,img/img-file-93a210ebd7b6efbca9852ecd5e5c2b98.jpg,"Inson miyasi bizda mavjud bo‘lgan eng muhim vositadir. Bu har qanday texnologiya, qurilma yoki asbobdan muhimroqdir. “Mastery"" kitobining muallifi Robert Grin buni juda yaxshi tushuntirib o‘tgan"" inson miyasi - ma’lum olamda yaratilgan eng mo‘jizaviy, hayratlanarli, axborotni qayta ishlash vositasidir."
69b14e569db923ab5b045c6e,Bugunoq bajar: dangasalikni yengish usullari,bugunoq-bajar-dangasalikni-yengish-usullari,,,,Ramazonova Madinabonu,2024,uz,latin,hardcover,A5,176,0,9789943790483,52000,0,0,False,,5,0,62,28,0,True,False,False,False,simple,old,single,Shaxsiy rivojlanish uchun adabiyotlar,Bugunoq bajar: dangasalikni yengish usullari,img/img-file-a08d6293234073447276230665a9082a.jpg,Bu sayohat uch qismdan iborat. Birinchi qismda hayotga qarashimizni o'zgartirishni boshlaymiz. Endi kechiktirish yo'q. O'zimizni aybdor his qilish yo'q. Fursatlardan pushaymon bo'lish yo'q.
69b14c429db923ab5b045a0c,Yolg'on psixologiyasi,yolgon-psixologiyasi-3,,,,Zarina Tojiyeva,2025,uz,cyrillic,hardcover,A5,464,0,9789910811234,65000,0,0,False,,5,0,118,23,0,True,False,False,False,simple,old,single,Psixologiya,Yolg'on psixologiyasi,img/img-file-bb1819f3c12e29fc6c0e11f018d0bb5b.jpg,"Hozirgi zamonda insonlar 10 daqiqalik suhbat mobaynida o‘rtacha uch marotaba yolg‘on gapiradi, degan fikrlar mavjud, bu nechog‘lik haqiqat? Yolg‘on odamlar hayotining har bir sohasiga kirib kelgan bo‘lsa, qanday yo‘l tutish darkor? Yolg‘onni so‘zlar va ovoz orqali aniqlashning imkoni bo‘lmasa, nima qilish mumkin?  Amerikalik buyuk psixolog, noverbal xulq-atvor tahlilining yagona tizimi asoschisi Pol Ekmanning mazkur kitobida ushbu savollarga batafsil javob topasiz. Yodingizda bo‘lsin, yolg‘onni yashirish aslida juda qiyin. Umumiy mikroifodalar va mikroishoralar yolg‘on gapirayotgan insonni, ijtimoiy mavqei va milliy mansubligidan qat’i nazar, fosh qiladi. Boshqalar ko‘rmaydigan narsalarni payqashni o‘rganing. Kitob yolg‘onni fosh qilishdan manfaatdor bo‘lganlarga siyosatchilar va tadbirkorlar, shifokorlar va yuristlar, psixologlar, pedagoglar, boshqaruvchilar, uy bekalari, kasbiy va shaxsiy hayotda yolg‘on va psixologik nayranglar qurboniga aylanishni istamaydiganlarga bag‘ishlangan."
69b14acb9db923ab5b0458d1,His-tuyg'ular psixologiyasi,histuygular-psixologiyasi,,,,,2025,uz,cyrillic,hardcover,A5,432,0,9789910811241,65000,0,0,False,,5,0,92,17,0,True,False,False,False,simple,old,single,Psixologiya,His-tuyg'ular psixologiyasi; his tuyg'ular,img/img-file-ae6566c7f9881f0839c959ef73fcccb6.jpg,"Xulq-atvorni boshqarishda hal qiluvchi rolni nima o‘ynaydi? Yuzimizda nimalar aks etadi va hayotimizning sifatini belgilaydi? Samarali muloqot asosida nima yotadi? Bolalik davrimizdan e’tiboran nimalarni his qilamiz? Ushbu savollarning barchasiga javob bitta: his-tuyg‘ular. His-tuyg‘ular ochiq, yashirin, nazoratga moslashuvchan bo‘lishi mumkin. Pol Ekmanning mazkur kitobi his-tuyg‘ularni o‘zimizda ham, boshqalarda ham aniqlash, baholash va o‘zgartirishni o‘rgatadi.  Psixologiya, jamoatchilik bilan aloqalar va boshqaruvni o‘rganishda asqatadigan bebaho qo‘llanmani kashf eting. Mazkur nashr qiziqarli faktlar, hayotiy misollar va amaliy tavsiyalarga boy bo‘lib, sizni befarq qoldirmaydi degan umiddamiz."
69b149b59db923ab5b04579d,Behalovat avlod,behalovat-avlod,,,,,2025,uz,latin,paper,A5,460,0,9789910093807,105000,0,0,False,,5,0,150,29,0,True,False,False,False,simple,old,single,Ilmiy-ommabop; Psixologiya,Behalovat avlod,img/img-file-4e232190723171105b2e8d12e5bc54c8.jpg,"Keyingi yillarda bolalar qanchalik oʻzgardi?  Nega Z avlod orasida ruhiy salomatlik muammosi bu qadar keskin ko'paydi? Telefon-markazli bolalik qanday qilib o'yin-markazli bolalikni siqib chiqardi? Jonathan Haidt ushbu kitobda zamonaviy bolalikning ""butkul qayta qoliplanishi"" jarayonini ilmiy dalillar va hayotiy misollar asosida tahlil qiladi; smartfonlar, ijtimoiy tarmoqlar o'smirlar orasida behalovatlik, depressiya va ijtimoiy yolg'izlikka qanday yo'l ochganini yoritadi. Biroq kitob faqat tashxis qo'ymaydi - yo'l-yo'riq ham ko'rsatadi. Muallif ota-onalar, pedagoglar, hukumatlar, boringki, butun jamiyat uchun amaliy tavsiyalar beradi."
69b136649db923ab5b04543d,Басни Крылова,basni-krilova-1,,,,,2023,ru,cyrillic,hardcover,A5,80,0,9785978108835,50000,0,0,False,,5,0,132,4,0,True,False,False,False,simple,old,single,Bolalar adabiyoti; Ertaklar,Басни Крылова,img/img-file-aa49709a7296a1d968b5181fdbe10448.jpg,
69b135759db923ab5b045358,Рассказы о Шерлоке Холмсе,rasskazi-o-sherloke-xolmse,,,,,2017,ru,cyrillic,hardcover,A5,176,0,9785978110128,50000,0,0,False,,5,0,36,0,0,True,False,False,False,simple,old,single,Badiiy adabiyotlar; Bolalar adabiyoti,Рассказы о Шерлоке Холмсе,img/img-file-b4ccd6c1de15624ea1cea71a5eecd01d.jpg,
69b134c29db923ab5b0452e6,Сказка за сказкой,skazka-za-skazkoy,,,,,2022,ru,cyrillic,hardcover,A5,208,0,9785978111040,50000,0,0,False,,5,0,54,1,0,True,False,False,False,simple,old,single,Bolalar adabiyoti; Ertaklar,Сказка за сказкой,img/img-file-9c1166ed9eca2bec84a0c555644dbfe6.jpg,
69b134139db923ab5b04526d,Сказки,skazki-3,,,,,2026,ru,cyrillic,hardcover,A5,96,0,9785353104827,58000,0,0,False,,5,0,60,3,0,True,False,False,False,simple,old,single,She'riyat; Bolalar adabiyoti; Ertaklar,Сказки,img/img-file-d4206408d47765aa777c3b07abf0a972.jpg,"Вот уже почти сто лет дети с удовольствием читают замечательные сказки Корнея Чуковского. Веселые и ритмичные строки Чуковского легко запоминаются и остаются с нами на всю жизнь. В сборник вошли самые известные сказки: «Мухацокотуха», «Телефон», «Мойдодыр», «Айболит», «Бармалей» и другие."
69b1331d9db923ab5b0451a9,Герой нашего времени,geroy-nashego-vremeni-6,,,,,2023,ru,cyrillic,hardcover,A5,160,0,9785978111729,50000,0,0,False,,5,0,28,0,0,True,False,False,False,simple,old,single,Badiiy adabiyotlar; Bolalar adabiyoti,Герой нашего времени,img/img-file-3b64a9b3592a2eb93238ced4672a316d.jpg,
69b131f19db923ab5b045129,Человек-амфибия,chelovekamfibiya-2,,,,,2022,ru,cyrillic,hardcover,A5,192,0,9785978111002,50000,0,0,False,,5,0,28,0,0,True,False,False,False,simple,old,single,Badiiy adabiyotlar; Bolalar adabiyoti,Человек-амфибия,img/img-file-cf7751fd5612b906c835c9c253f5eab6.jpg,
69b131039db923ab5b044fe5,"""Каштанка"" и другие рассказы",kashtanka-i-drugie-rasskazi,,,,,2022,ru,cyrillic,hardcover,A5,96,0,9785978109993,50000,0,0,False,,5,0,50,3,0,True,False,False,False,simple,old,single,Badiiy adabiyotlar; Bolalar adabiyoti,"""Каштанка"" и другие рассказы",img/img-file-4d0430d6e9383f965da544947d32d74f.jpg,
69b1304e9db923ab5b044f77,Приключения пиноккио,priklyucheniya-pinokkio,,,,,2023,ru,cyrillic,hardcover,A5,192,0,9785353103981,12000,0,0,False,,5,0,80,6,0,True,False,False,False,simple,old,single,Badiiy adabiyotlar; Bolalar adabiyoti,Приключения Пиноккио; moysklad:3a658414-adc0-11ec-0a80-05b6004c347a,img/img-file-a495d9c8eafc7a696add35225afeb0aa.jpg,"В этой книге вы найдете сказку итальянского писателя Карло Коллоди о приключениях деревянного мальчика по имени Пиноккио. Захватывающая и одновременно трогательная история, полюбившаяся не одному поколению читателей, понравится и вашему ребенку. Добро пожаловать в волшебный мир, где живет мягкосердечный старик Джеппетто, мудрый Сверчок, хитрые Кот и Лиса, печальный Арлекин и многие-многие другие знаменитые герои!"
69b008c19db923ab5b043d0d,Рассказы и сказки,rasskazi-i-skazki-1,,,,,2024,ru,cyrillic,hardcover,A5,160,0,9785353110033,52000,0,0,False,,5,0,94,4,0,True,False,False,False,simple,old,single,Bolalar adabiyoti; Ertaklar,Рассказы и сказки,img/img-file-d5f090546f4ed61d975de4daf97b1b9b.jpg,"Андрей Платонов – советский писатель, публицист и поэт, в произведениях которого поднимается тема человечности, а также любви к окружающему миру и его обитателям. В книгу вошли известные рассказы и сказки писателя, включенные в школьную программу: «Неизвестный цветок», «Никита», «Финист- Ясный Сокол», «Волшебное кольцо» и многие другие."
69b006109db923ab5b043b3a,Букварь,bukvar-5,,,,,2021,ru,cyrillic,hardcover,A5,192,0,9785978109405,50000,0,0,False,,5,0,74,0,0,True,False,False,False,simple,old,single,Bolalar adabiyoti,Букварь,img/img-file-28bc00142c08ce781ae45c09e727343b.jpg,
69b0057f9db923ab5b043aef,Хрестоматия для старшей группы,xrestomatiya-dlya-starshey-gruppi,,,,,2018,ru,cyrillic,hardcover,A5,224,0,9785978109191,50000,0,0,False,,5,0,40,1,0,True,False,False,False,simple,old,single,Bolalar adabiyoti,Хрестоматия для старшей группы,img/img-file-1d5b5f4bfc6ffc777e32855483cf4cd3.jpg,
69b004d79db923ab5b043a9c,Рассказы русских писателей,rasskazi-russkih-pisateley-1,,,,,2023,ru,cyrillic,hardcover,A5,192,0,9785978109467,45000,0,0,False,,5,0,62,1,0,True,False,False,False,simple,old,single,Badiiy adabiyotlar; Bolalar adabiyoti,Рассказы русских писателей,img/img-file-01d377efb11085c401c0368bffd493c6.jpg,
69b0044c9db923ab5b043a49,Рассказы и рассказики,rasskazi-i-rasskaziki,,,,,2017,ru,cyrillic,hardcover,A5,176,0,9785978111231,50000,0,0,False,,5,0,36,0,0,True,False,False,False,simple,old,single,Badiiy adabiyotlar; Bolalar adabiyoti,Рассказы и рассказики,img/img-file-f6db07dfb0f26d14748b21911f538b46.jpg,
69b003b39db923ab5b0439be,Сказки,skazki-2,,,,,2025,ru,cyrillic,hardcover,A5,128,0,9785353101987,59000,0,0,False,,5,0,108,1,0,True,False,False,False,simple,old,single,Bolalar adabiyoti; Ertaklar,Сказки,img/img-file-d064f156a30ad0fe8ca544e3deb5480c.jpg,
69b003059db923ab5b043917,Приключения Тома Сойера,priklyucheniya-toma-soyera,,,,,2026,ru,cyrillic,hardcover,A5,288,0,9785353101802,69000,0,0,False,,5,0,68,0,0,True,False,False,False,simple,old,single,Badiiy adabiyotlar; Bolalar adabiyoti,Приключения Тома Сойера,img/img-file-f155ad282d693d2f6713d95164e301d0.jpg,
69b002189db923ab5b043875,У меня зазвонил телефон...,u-menya-zazvonil-telefon,,,,,2021,ru,cyrillic,hardcover,A5,120,0,9785978109580,50000,0,0,False,,5,0,698,1,0,True,False,False,False,simple,old,single,She'riyat; Bolalar adabiyoti,У меня зазвонил телефон,img/img-file-ef773daad9c2266a7ed5bcfaeb011d47.jpg,
69afe9af9db923ab5b0423d2,Лучшая книга сказок. Русские народные сказки,luchshaya-kniga-skazok-russkie-narodnie-skazki,,,,,2025,ru,cyrillic,hardcover,A5,48,0,9785378358014,106000,0,0,False,,5,0,64,0,0,True,False,False,False,simple,old,single,Bolalar adabiyoti; Ertaklar,Лучшая книга сказок. Русские народные сказки,img/img-file-0d156fdcf1542db08fcf3619d15696c1.jpg,"Детские сказки — это не просто лёгкие истории, призванные развлечь или рассмешить. В каждой из них — Бесценные уроки добра и любви, взаимовыручки и прощения. Усвоив их, маленький читатель непременно Выберет правильный путь в жизни и честно будет ему следовать."
69afe8f19db923ab5b042341,Лучшая книга сказок. Сказки про котёнка Пуха,luchshaya-kniga-skazok-skazki-pro-kotyonka-puha,,,,,2025,ru,cyrillic,hardcover,A5,48,0,9785378358045,106000,0,0,False,,5,0,56,2,0,True,False,False,False,simple,old,single,Bolalar adabiyoti; Ertaklar,Лучшая книга сказок. Сказки про котёнка Пуха,img/img-file-fa0170c8b10b14dc9ad230c9d152f473.jpg,"Детские сказки — это не просто лёгкие истории, призванные развлечь или рассмешить. В каждой из них — Бесценные уроки добра и любви, взаимовыручки и прощения. Усвоив их, маленький читатель непременно Выберет правильный путь в жизни и честно будет ему следовать."
69afe7919db923ab5b0422a7,Лучшая книга сказок. Зарубежные сказки,luchshaya-kniga-skazok-zarubejnie-skazki,,,,,2025,ru,cyrillic,hardcover,A5,48,0,9785378358038,106000,0,0,False,,5,0,78,0,0,True,False,False,False,simple,old,single,Bolalar adabiyoti; Ertaklar,Лучшая книга сказок. Зарубежные сказки,img/img-file-4a851be1e6281a2a85d54ea648cef12a.jpg,"Детские сказки — это не просто лёгкие истории, призванные развлечь или рассмешить. В каждой из них — Бесценные уроки добра и любви, взаимовыручки и прощения. Усвоив их, маленький читатель непременно Выберет правильный путь в жизни и честно будет ему следовать."
69afe6ed9db923ab5b042224,Лучшая книга сказок. Сказки Синего Трактора,luchshaya-kniga-skazok-skazki-sinego-traktora,,,,,2025,ru,cyrillic,hardcover,A5,48,0,9785378358021,106000,0,0,False,,5,0,28,0,0,True,False,False,False,simple,old,single,Bolalar adabiyoti; Ertaklar,Лучшая книга сказок. Сказки Синего Трактора,img/img-file-933f0908150e20060c32411f84b11215.jpg,"Детские сказки — это не просто лёгкие истории, призванные развлечь или рассмешить. В каждой из них — Бесценные уроки добра и любви, взаимовыручки и прощения. Усвоив их, маленький читатель непременно Выберет правильный путь в жизни и честно будет ему следовать."
69afe6339db923ab5b0421b7,Лучшая книга сказок. Сказки Пушкина,luchshaya-kniga-skazok-skazki-pushkina,,,,,2025,ru,cyrillic,hardcover,A5,48,0,9785378358069,106000,0,0,False,,5,0,64,3,0,True,False,False,False,simple,old,single,Bolalar adabiyoti; Ertaklar,Лучшая книга сказок. Сказки Пушкина,img/img-file-0490c87732c4a1a30f338091f7841591.jpg,"Детские сказки — это не просто лёгкие истории, призванные развлечь или рассмешить. В каждой из них — Бесценные уроки добра и любви, взаимовыручки и прощения. Усвоив их, маленький читатель непременно Выберет правильный путь в жизни и честно будет ему следовать."
69afe4319db923ab5b0420ce,Большая книга рассказов,bolshaya-kniga-rasskazov,,,,,2024,ru,cyrillic,hardcover,A5,144,0,9785389208162,160000,0,0,False,,5,0,40,1,0,True,False,False,False,simple,old,single,Badiiy adabiyotlar; Bolalar adabiyoti,Большая книга рассказов,img/img-file-232614069e5823a79aaa8ab3d03edefb.jpg,
69afe3419db923ab5b04201f,Рассказы о школе,rasskazi-o-shkole,,,,,2025,ru,cyrillic,hardcover,A5,128,0,9785353074182,52000,0,0,False,,5,0,76,2,0,True,False,False,False,simple,old,single,Badiiy adabiyotlar; Bolalar adabiyoti,Рассказы о школе,img/img-file-559fae8616da213ef93589702a341224.jpg,"Школа - это не только учебники, тетрадки, шпаргалки, двойки и пятерки, но и верные друзья, первые победы, и маленькие огорчения, и, конечно, забавные ситуации, которые запоминаются на долгие годы. В этой книжке собраны самые веселые рассказы о школе, написанные такими замечательными писателями, как В. Драгунский, В. Голявкин, И. Пивоварова, А. Раскин. Эти добрые истории об обычных мальчишках и девчонках, об учебе и дружбе никого не оставят равнодушным."
69afe2739db923ab5b041fca,Рассказы русских писателей,rasskazi-russkih-pisateley,,,,,2025,ru,cyrillic,hardcover,A5,160,0,9785353074083,52000,0,0,False,,5,0,48,0,0,True,False,False,False,simple,old,single,Badiiy adabiyotlar; Bolalar adabiyoti,Рассказы русских писателей,img/img-file-2db5082bea33b15f8bc652844df688cf.jpg,
69afe19c9db923ab5b041e5d,Три толстяка,tri-tolstyaka-1,,,,,2024,ru,cyrillic,hardcover,A5,192,0,9785353072539,52000,0,0,False,,5,0,80,2,0,True,False,False,False,simple,old,single,Badiiy adabiyotlar; Bolalar adabiyoti,Три толстяка,img/img-file-439da4be162ba23fbce2fb201511ae95.jpg,"Роман-сказка «Три Толстяка» — любимая книга многих поколений детей. В ней революционная романтика, противостояние мира богачей «толстяков» и бедняков удивительно сочетаются с настоящими чудесами, которые творят герои: храбрая девочка Суок, отважный канатоходец Тибул, бесстрашный оружейник Просперо и мудрый доктор Гаспар Арнери."
69afe08d9db923ab5b041dbd,Витя Малеев в школе и дома,vitya-maleev-v-shkole-i-doma,,,,,2017,ru,cyrillic,hardcover,A5,176,0,9785978111224,50000,0,0,False,,5,0,48,1,0,True,False,False,False,simple,old,single,Badiiy adabiyotlar; Bolalar adabiyoti,Витя Малеев в школе и дома,img/img-file-5a04452b8b4d8a545beb8e0525aee8ae.jpg,
69afdfe09db923ab5b041d32,Тайна заброшенного замка,tayna-zabroshennogo-zamka,,,,,2017,ru,cyrillic,hardcover,A5,144,0,9785978108750,50000,0,0,False,,5,0,36,0,0,True,False,False,False,simple,old,single,Badiiy adabiyotlar; Bolalar adabiyoti,Тайна заброшенного замка,img/img-file-79c6504748672610fc8d076227c6e90c.jpg,
69afdf279db923ab5b041ca6,Хрестоматия. 2 класс,xrestomatiya-2-klass,,,,,2023,ru,cyrillic,hardcover,A5,320,0,9785978108774,50000,0,0,False,,5,0,54,0,0,True,False,False,False,simple,old,single,Bolalar adabiyoti,Хрестоматия. 2 класс,img/img-file-161d5d01c07f6c5018ed1ec763a1fbe7.jpg,
69afde559db923ab5b041c28,Путешествия Гулливера,puteshestviya-gullivera-1,,,,,2025,ru,cyrillic,hardcover,A5,160,0,9785353077077,50000,0,0,False,,5,0,70,2,0,True,False,False,False,simple,old,single,Bolalar adabiyoti,Путешествия Гулливера,img/img-file-947c47525a57ae0d95ba26facc8c8e0b.jpg,"Отправляясь в дальнее плавание, корабельный врач Гулливер и не подозревал, какой головокружительный оборот примет его путешествие. В книгу вошел классический пересказ для детей сатирического романа английского писателя Джонатана Свифта (1667-1745) о невероятных приключениях Гулливера в фантастической стране Лилипутии и в стране великанов Бробдингнег."
69afdd6a9db923ab5b041b81,Сказки русских писателей,skazki-russkih-pisateley,,,,,2025,ru,cyrillic,hardcover,A5,192,0,9785353072515,52000,0,0,False,,5,0,84,1,0,True,False,False,False,simple,old,single,Bolalar adabiyoti; Ertaklar,Сказки русских писателей,img/img-file-2c16a6639174af0ea0ababb1636021c4.jpg,"В сборник вошли лучшие сказки известных русских писателей ХІХ и ХХ вв.: А. Погорельского, В. Ф. Одоевского, С. Т. Аксакова, В. М. Гаршина, А. Н. Толстого, Д. Н. Мамина-Сибиряка и Е. Л. Шварца. Эти удивительные, трогательные и поэтичные сказки волнуют души многих поколений юных читателей, а их персонажи прочно вошли в число самых любимых сказочных героев."
69afdbc19db923ab5b041a53,Сказки Дядюшки Римуса,skazki-dyadyushki-rimusa,,,,,2025,ru,cyrillic,hardcover,A5,128,0,9785353086840,52000,0,0,False,,5,0,74,3,0,True,False,False,False,simple,old,single,Bolalar adabiyoti; Ertaklar,Сказки Дядюшки Римуса,img/img-file-1c72819368318f777eeadcd645fdf355.jpg,"Забавные и мудрые сказки о Братце Кролике и Братце Лисе знают и любят миллионы детей и взрослых во всем мире. Американский писатель-фольклорист Джоэль Чендлер Харрис (1848-1908) опубликовал несколько сказочных сборников, основанных на фольклоре североамериканских негров. А в России эти сказки известны в обработке писателя и переводчика М. А. Гершензона (1900-1942)."
69afda959db923ab5b04198f,Маленький принц,malenkiy-prints-9,,,,,2025,ru,cyrillic,hardcover,A5,96,0,9785353073284,72000,0,0,False,,5,0,52,8,0,True,False,False,False,simple,old,single,Badiiy adabiyotlar; Bolalar adabiyoti,Маленький принц; moysklad:d025e00c-2b6d-11f1-0a80-0f480036f15c,img/img-file-0a196697055c483444daea1d5dc6d84a.jpg,"«Маленький принц» знаменитая философская повесть-сказка замечательного французского писателя Антуана де Сент-Экзюпери. Загадочный и трогательный герой этой сказки задается вопросами добра и зла, любви и дружбы, мужества и верности, красоты и одиночества в огромном и не всегда добром мире."
69afd94e9db923ab5b04188a,Внеклассное чтение 3,vneklassnoe-chtenie-3-2,,,,,2019,ru,cyrillic,hardcover,A5,112,0,9785978110173,50000,0,0,False,,5,0,58,0,0,True,False,False,False,simple,old,single,Bolalar adabiyoti,Внеклассное чтение 3,img/img-file-61e38951cce5536eaa854b73f5778b99.jpg,
69afd89c9db923ab5b0417cb,Уронили мишку на пол...,uronili-mishku-na-pol,,,,,2022,ru,cyrillic,hardcover,A5,126,0,9785978109177,50000,0,0,False,,5,0,46,1,0,True,False,False,False,simple,old,single,She'riyat; Bolalar adabiyoti,Уронили мишку на пол...,img/img-file-39c4e5d703d0884d219d93ca661ff6cc.jpg,
69afd7a69db923ab5b041707,Белый клык,beliy-klik,,,,,2024,ru,cyrillic,hardcover,A5,208,0,9785978109535,50000,0,0,False,,5,0,50,1,0,True,False,False,False,simple,old,single,Badiiy adabiyotlar; Jahon adabiyoti; Bolalar adabiyoti,Белый клык,img/img-file-e7bf5f0c57c9f99fadd530122b61cdd1.jpg,
69a96e96c78e26e52bacc29f,Devoni Hafiyziy,devoni-hafiyziy,,,,,2025,uz,cyrillic,hardcover,A5,256,0,9789910833403,60000,0,0,False,,5,0,102,10,0,True,False,False,False,simple,old,single,Diniy adabiyotlar; She'riyat,Devoni Hafiyziy,img/img-file-7406110bf45215bd6e7539ff8a37c915.jpg,"Ushbu asar mutasavvuf shoir Sayyid Abdulhafiyzxoja Sayyid Nuriddinxoja o‘g‘li ""Hafiyziy""ning (1923-1980) she’riy devoni hisoblanadi. Hafiyziy merosi hamd, munojot, na’t va turli mavzudagi pand-u nasihatlar, hasbi holi bayonidagi nazmlaridan iborat. Mazkur she’riy manzumalar Ahmad Yassaviy, Sulaymon Boqirg‘oniy, Azimxoja Eshon, Majzub Namangoniy, Haziniy, Xilvatiy, Yo‘ldoshxoja Dog‘iy, Mushkin kabi didaktik adabiyotimiz vakillari asarlariga hamohangdir."
69a96b28c78e26e52bacc080,Kulayotgan odam 1-2-kitoblar,kulayotgan-odam-12kitoblar,,,,,2025,uz,latin,hardcover,A5,960,0,9789910864612,130000,0,0,False,,5,0,268,-1,0,True,False,False,False,simple,old,single,Badiiy adabiyotlar; Jahon adabiyoti,Kulayotgan odam,img/img-file-a036792fac1ad3eeabea09caec58c177.jpg,"XIX Fransiya adabiyotining yirik vakili, Yevropa adabiyotida romantizm oqimi asoschilaridan biri Viktor Gyugo ""Xo‘rlanganlar"", ""93-yil"", ""Parij avliyo bokirasi ibodatxonasi"", ""Kulayotgan odam"" kabi ma’lum va mashhur asarlarning muallifidir. Gyugo asarlaridagi har bir qahramon juda chuqur ijtimoiy-falsafiy mazmunni o‘ziga singdirgan ramziy personajdir.  XVIII-XIX asrlarda Fransiya va Yevropa siyosiy-ijtimoiy hayotidagi o‘ta muhim voqealar hamda asarlaridagi qahramonlar taqdiri kesimida yozuvchi azaliy va abadiy qadriyatlar - olijanoblik, to‘g‘rilik, muhabbat va ularning aksi hasad, kibr, sotqinlik to‘g‘risida mahorat bilan hikoya qiladi.  O‘zbekiston va Fransiya ko‘pqirrali hamkorligining 30-yilligi arafasida adibning mashhur ""Kulayotgan odam"" romanining o‘zbek tilida e’lon qilinishi xalqlarimiz va madaniyatlarimizni yanada yaqinlashtiradi degan umiddamiz."
